/*SPORTOVI*/
INSERT INTO `scores`.`sport` (`id`, `naziv`) VALUES ('1', 'Fudbal');
INSERT INTO `scores`.`sport` (`id`, `naziv`) VALUES ('2', 'Kosarka');
INSERT INTO `scores`.`sport` (`id`, `naziv`) VALUES ('3', 'Tenis');
INSERT INTO `scores`.`sport` (`id`, `naziv`) VALUES ('4', 'Odbojka');

/*ZEMLJE*/
/*LIGE*/
INSERT INTO `scores`.`zemlja` (`id`, `naziv`) VALUES ('1', 'Albanija');
INSERT INTO `scores`.`liga` (`id`, `naziv`, `sport_id`, `zemlja_id`) VALUES ('1', 'Superliga', '1', '1');
INSERT INTO `scores`.`liga` (`id`, `naziv`, `sport_id`, `zemlja_id`) VALUES ('2', 'First Division', '1', '1');

INSERT INTO `scores`.`zemlja` (`id`, `naziv`) VALUES ('2', 'Alžir');
INSERT INTO `scores`.`liga` (`id`, `naziv`, `sport_id`, `zemlja_id`) VALUES ('3', 'Ligue 1', '1', '2');
INSERT INTO `scores`.`liga` (`id`, `naziv`, `sport_id`, `zemlja_id`) VALUES ('4', 'Ligue 2', '1', '2');

INSERT INTO `scores`.`zemlja` (`id`, `naziv`) VALUES ('3', 'Andora');
INSERT INTO `scores`.`liga` (`id`, `naziv`, `sport_id`, `zemlja_id`) VALUES ('5', 'Primera Divisio', '1', '3');

INSERT INTO `scores`.`zemlja` (`id`, `naziv`) VALUES ('4', 'Angola');
INSERT INTO `scores`.`liga` (`id`, `naziv`, `sport_id`, `zemlja_id`) VALUES ('6', 'Girabola', '1', '4');

INSERT INTO `scores`.`zemlja` (`id`, `naziv`) VALUES ('5', 'Argentina');
INSERT INTO `scores`.`liga` (`id`, `naziv`, `sport_id`, `zemlja_id`) VALUES ('7', 'Superliga', '1', '5');
INSERT INTO `scores`.`liga` (`id`, `naziv`, `sport_id`, `zemlja_id`) VALUES ('8', 'Primera Nacional', '1', '5');
INSERT INTO `scores`.`liga` (`id`, `naziv`, `sport_id`, `zemlja_id`) VALUES ('9', 'Torneo Federal', '1', '5');

INSERT INTO `scores`.`zemlja` (`id`, `naziv`) VALUES ('6', 'Australija');
INSERT INTO `scores`.`liga` (`id`, `naziv`, `sport_id`, `zemlja_id`) VALUES ('10', 'A-League', '1', '6');
INSERT INTO `scores`.`liga` (`id`, `naziv`, `sport_id`, `zemlja_id`) VALUES ('11', 'W-League', '1', '6');

INSERT INTO `scores`.`zemlja` (`id`, `naziv`) VALUES ('7', 'Austrija');
INSERT INTO `scores`.`liga` (`id`, `naziv`, `sport_id`, `zemlja_id`) VALUES ('12', 'Tipico Bundesliga', '1', '7');
INSERT INTO `scores`.`liga` (`id`, `naziv`, `sport_id`, `zemlja_id`) VALUES ('13', '2. Liga', '1', '7');

INSERT INTO `scores`.`zemlja` (`id`, `naziv`) VALUES ('8', 'Azerbejdžan');
INSERT INTO `scores`.`liga` (`id`, `naziv`, `sport_id`, `zemlja_id`) VALUES ('14', 'Premier League', '1', '8');

INSERT INTO `scores`.`zemlja` (`id`, `naziv`) VALUES ('9', 'Bahrein');
INSERT INTO `scores`.`liga` (`id`, `naziv`, `sport_id`, `zemlja_id`) VALUES ('15', 'Premier League', '1', '9');

INSERT INTO `scores`.`zemlja` (`id`, `naziv`) VALUES ('10', 'Bangladeš');
INSERT INTO `scores`.`liga` (`id`, `naziv`, `sport_id`, `zemlja_id`) VALUES ('16', 'Premier League', '1', '10');

INSERT INTO `scores`.`zemlja` (`id`, `naziv`) VALUES ('11', 'Belgija');
INSERT INTO `scores`.`liga` (`id`, `naziv`, `sport_id`, `zemlja_id`) VALUES ('17', 'Jupiler League', '1', '11');
INSERT INTO `scores`.`liga` (`id`, `naziv`, `sport_id`, `zemlja_id`) VALUES ('18', 'Proximus League', '1', '11');
INSERT INTO `scores`.`liga` (`id`, `naziv`, `sport_id`, `zemlja_id`) VALUES ('19', 'Super League Women', '1', '11');

INSERT INTO `scores`.`zemlja` (`id`, `naziv`) VALUES ('12', 'Belorusija');
INSERT INTO `scores`.`liga` (`id`, `naziv`, `sport_id`, `zemlja_id`) VALUES ('20', 'Vysshaya Liga', '1', '12');
INSERT INTO `scores`.`liga` (`id`, `naziv`, `sport_id`, `zemlja_id`) VALUES ('21', 'Pershaya Liga', '1', '12');

INSERT INTO `scores`.`zemlja` (`id`, `naziv`) VALUES ('13', 'Bocvana');
INSERT INTO `scores`.`liga` (`id`, `naziv`, `sport_id`, `zemlja_id`) VALUES ('22', 'Premier League', '1', '13');

INSERT INTO `scores`.`zemlja` (`id`, `naziv`) VALUES ('14', 'Bolivija');
INSERT INTO `scores`.`liga` (`id`, `naziv`, `sport_id`, `zemlja_id`) VALUES ('23', 'Division Profesional', '1', '14');

INSERT INTO `scores`.`zemlja` (`id`, `naziv`) VALUES ('15', 'Bosna i Hercegovina');
INSERT INTO `scores`.`liga` (`id`, `naziv`, `sport_id`, `zemlja_id`) VALUES ('24', 'Premier League', '1', '15');
INSERT INTO `scores`.`liga` (`id`, `naziv`, `sport_id`, `zemlja_id`) VALUES ('25', 'FBiH', '1', '15');

INSERT INTO `scores`.`zemlja` (`id`, `naziv`) VALUES ('16', 'Brazil');
INSERT INTO `scores`.`liga` (`id`, `naziv`, `sport_id`, `zemlja_id`) VALUES ('26', 'Serie A', '1', '16');
INSERT INTO `scores`.`liga` (`id`, `naziv`, `sport_id`, `zemlja_id`) VALUES ('27', 'Serie B', '1', '16');
INSERT INTO `scores`.`liga` (`id`, `naziv`, `sport_id`, `zemlja_id`) VALUES ('28', 'Serie C', '1', '16');

INSERT INTO `scores`.`zemlja` (`id`, `naziv`) VALUES ('17', 'Bugarska');
INSERT INTO `scores`.`liga` (`id`, `naziv`, `sport_id`, `zemlja_id`) VALUES ('29', 'Parva Liga', '1', '17');
INSERT INTO `scores`.`liga` (`id`, `naziv`, `sport_id`, `zemlja_id`) VALUES ('30', 'Vtora Liga', '1', '17');

INSERT INTO `scores`.`zemlja` (`id`, `naziv`) VALUES ('18', 'Burkina Faso');
INSERT INTO `scores`.`liga` (`id`, `naziv`, `sport_id`, `zemlja_id`) VALUES ('31', 'Premier League', '1', '18');

INSERT INTO `scores`.`zemlja` (`id`, `naziv`) VALUES ('19', 'Crna Gora');
INSERT INTO `scores`.`liga` (`id`, `naziv`, `sport_id`, `zemlja_id`) VALUES ('32', 'Prva Crnogorska Liga', '1', '19');
INSERT INTO `scores`.`liga` (`id`, `naziv`, `sport_id`, `zemlja_id`) VALUES ('33', 'Druga Liga', '1', '19');

INSERT INTO `scores`.`zemlja` (`id`, `naziv`) VALUES ('20', 'Češka Republika');
INSERT INTO `scores`.`liga` (`id`, `naziv`, `sport_id`, `zemlja_id`) VALUES ('34', '1.Liga', '1', '20');
INSERT INTO `scores`.`liga` (`id`, `naziv`, `sport_id`, `zemlja_id`) VALUES ('35', '1.Liga - žene', '1', '20');

INSERT INTO `scores`.`zemlja` (`id`, `naziv`) VALUES ('21', 'Čile');
INSERT INTO `scores`.`liga` (`id`, `naziv`, `sport_id`, `zemlja_id`) VALUES ('36', 'Primera Division', '1', '21');

INSERT INTO `scores`.`zemlja` (`id`, `naziv`) VALUES ('22', 'Danska');
INSERT INTO `scores`.`liga` (`id`, `naziv`, `sport_id`, `zemlja_id`) VALUES ('37', 'Superliga', '1', '22');

INSERT INTO `scores`.`zemlja` (`id`, `naziv`) VALUES ('23', 'Dominikanska Republika');
INSERT INTO `scores`.`liga` (`id`, `naziv`, `sport_id`, `zemlja_id`) VALUES ('38', 'LDF', '1', '23');

INSERT INTO `scores`.`zemlja` (`id`, `naziv`) VALUES ('24', 'Egipat');
INSERT INTO `scores`.`liga` (`id`, `naziv`, `sport_id`, `zemlja_id`) VALUES ('39', 'Premier League', '1', '24');

INSERT INTO `scores`.`zemlja` (`id`, `naziv`) VALUES ('25', 'Ekvador');
INSERT INTO `scores`.`liga` (`id`, `naziv`, `sport_id`, `zemlja_id`) VALUES ('40', 'Liga Pro', '1', '25');
INSERT INTO `scores`.`liga` (`id`, `naziv`, `sport_id`, `zemlja_id`) VALUES ('41', 'Serie B', '1', '25');

INSERT INTO `scores`.`zemlja` (`id`, `naziv`) VALUES ('26', 'Engleska');
INSERT INTO `scores`.`liga` (`id`, `naziv`, `sport_id`, `zemlja_id`) VALUES ('42', 'Premier League', '1', '26');
INSERT INTO `scores`.`liga` (`id`, `naziv`, `sport_id`, `zemlja_id`) VALUES ('43', 'Championship', '1', '26');
INSERT INTO `scores`.`liga` (`id`, `naziv`, `sport_id`, `zemlja_id`) VALUES ('44', 'League One', '1', '26');
INSERT INTO `scores`.`liga` (`id`, `naziv`, `sport_id`, `zemlja_id`) VALUES ('45', 'Premier League Women', '1', '26');

INSERT INTO `scores`.`zemlja` (`id`, `naziv`) VALUES ('27', 'Estonija');
INSERT INTO `scores`.`liga` (`id`, `naziv`, `sport_id`, `zemlja_id`) VALUES ('46', 'Meistriliiga', '1', '27');

INSERT INTO `scores`.`zemlja` (`id`, `naziv`) VALUES ('28', 'Etiopija');
INSERT INTO `scores`.`liga` (`id`, `naziv`, `sport_id`, `zemlja_id`) VALUES ('47', 'Premier League', '1', '28');

INSERT INTO `scores`.`zemlja` (`id`, `naziv`) VALUES ('29', 'Farski Otoci');
INSERT INTO `scores`.`liga` (`id`, `naziv`, `sport_id`, `zemlja_id`) VALUES ('48', 'Premier League', '1', '29');

INSERT INTO `scores`.`zemlja` (`id`, `naziv`) VALUES ('30', 'Filipini');
INSERT INTO `scores`.`liga` (`id`, `naziv`, `sport_id`, `zemlja_id`) VALUES ('49', 'PFL', '1', '30');

INSERT INTO `scores`.`zemlja` (`id`, `naziv`) VALUES ('31', 'Finska');
INSERT INTO `scores`.`liga` (`id`, `naziv`, `sport_id`, `zemlja_id`) VALUES ('50', 'Veikkausliiga', '1', '31');
INSERT INTO `scores`.`liga` (`id`, `naziv`, `sport_id`, `zemlja_id`) VALUES ('51', 'Ykkonen', '1', '31');

INSERT INTO `scores`.`zemlja` (`id`, `naziv`) VALUES ('32', 'Francuska');
INSERT INTO `scores`.`liga` (`id`, `naziv`, `sport_id`, `zemlja_id`) VALUES ('188', 'Ligue 1', '1', '32');
INSERT INTO `scores`.`liga` (`id`, `naziv`, `sport_id`, `zemlja_id`) VALUES ('52', 'Ligue 2', '1', '32');
INSERT INTO `scores`.`liga` (`id`, `naziv`, `sport_id`, `zemlja_id`) VALUES ('53', 'Ligue 1 - Women', '1', '32');

INSERT INTO `scores`.`zemlja` (`id`, `naziv`) VALUES ('33', 'Gabon');
INSERT INTO `scores`.`liga` (`id`, `naziv`, `sport_id`, `zemlja_id`) VALUES ('54', 'Championnat D1', '1', '33');

INSERT INTO `scores`.`zemlja` (`id`, `naziv`) VALUES ('34', 'Gana');
INSERT INTO `scores`.`liga` (`id`, `naziv`, `sport_id`, `zemlja_id`) VALUES ('55', 'Premier League', '1', '34');

INSERT INTO `scores`.`zemlja` (`id`, `naziv`) VALUES ('35', 'Gibraltar');
INSERT INTO `scores`.`liga` (`id`, `naziv`, `sport_id`, `zemlja_id`) VALUES ('56', 'National League', '1', '35');

INSERT INTO `scores`.`zemlja` (`id`, `naziv`) VALUES ('36', 'Grčka');
INSERT INTO `scores`.`liga` (`id`, `naziv`, `sport_id`, `zemlja_id`) VALUES ('57', 'Super League', '1', '36');
INSERT INTO `scores`.`liga` (`id`, `naziv`, `sport_id`, `zemlja_id`) VALUES ('58', 'Super League 2', '1', '36');

INSERT INTO `scores`.`zemlja` (`id`, `naziv`) VALUES ('37', 'Gruzija');
INSERT INTO `scores`.`liga` (`id`, `naziv`, `sport_id`, `zemlja_id`) VALUES ('59', 'Crystalbet Erovnuli Liga', '1', '37');

INSERT INTO `scores`.`zemlja` (`id`, `naziv`) VALUES ('38', 'Gvatemala');
INSERT INTO `scores`.`liga` (`id`, `naziv`, `sport_id`, `zemlja_id`) VALUES ('60', 'Liga Nacional', '1', '38');

INSERT INTO `scores`.`zemlja` (`id`, `naziv`) VALUES ('39', 'Honduras');
INSERT INTO `scores`.`liga` (`id`, `naziv`, `sport_id`, `zemlja_id`) VALUES ('61', 'Liga Nacional', '1', '39');

INSERT INTO `scores`.`zemlja` (`id`, `naziv`) VALUES ('40', 'Hrvatska');
INSERT INTO `scores`.`liga` (`id`, `naziv`, `sport_id`, `zemlja_id`) VALUES ('62', '1. NHL', '1', '40');
INSERT INTO `scores`.`liga` (`id`, `naziv`, `sport_id`, `zemlja_id`) VALUES ('63', '2. NHL', '1', '40');

INSERT INTO `scores`.`zemlja` (`id`, `naziv`) VALUES ('41', 'Indija');
INSERT INTO `scores`.`liga` (`id`, `naziv`, `sport_id`, `zemlja_id`) VALUES ('64', 'ISL', '1', '41');
INSERT INTO `scores`.`liga` (`id`, `naziv`, `sport_id`, `zemlja_id`) VALUES ('65', 'I League', '1', '41');

INSERT INTO `scores`.`zemlja` (`id`, `naziv`) VALUES ('42', 'Indonezija');
INSERT INTO `scores`.`liga` (`id`, `naziv`, `sport_id`, `zemlja_id`) VALUES ('66', 'Liga 1', '1', '42');
INSERT INTO `scores`.`liga` (`id`, `naziv`, `sport_id`, `zemlja_id`) VALUES ('67', 'Liga 2', '1', '42');

INSERT INTO `scores`.`zemlja` (`id`, `naziv`) VALUES ('43', 'Irak');
INSERT INTO `scores`.`liga` (`id`, `naziv`, `sport_id`, `zemlja_id`) VALUES ('68', 'Super League', '1', '43');

INSERT INTO `scores`.`zemlja` (`id`, `naziv`) VALUES ('44', 'Iran');
INSERT INTO `scores`.`liga` (`id`, `naziv`, `sport_id`, `zemlja_id`) VALUES ('69', 'Persian Gulf Pro League', '1', '44');

INSERT INTO `scores`.`zemlja` (`id`, `naziv`) VALUES ('45', 'Irska');
INSERT INTO `scores`.`liga` (`id`, `naziv`, `sport_id`, `zemlja_id`) VALUES ('70', 'Premier Division', '1', '45');
INSERT INTO `scores`.`liga` (`id`, `naziv`, `sport_id`, `zemlja_id`) VALUES ('71', 'Division 1', '1', '45');

INSERT INTO `scores`.`zemlja` (`id`, `naziv`) VALUES ('46', 'Island');
INSERT INTO `scores`.`liga` (`id`, `naziv`, `sport_id`, `zemlja_id`) VALUES ('72', 'Pepsideild', '1', '46');

INSERT INTO `scores`.`zemlja` (`id`, `naziv`) VALUES ('47', 'Italija');
INSERT INTO `scores`.`liga` (`id`, `naziv`, `sport_id`, `zemlja_id`) VALUES ('73', 'Serie A', '1', '47');
INSERT INTO `scores`.`liga` (`id`, `naziv`, `sport_id`, `zemlja_id`) VALUES ('74', 'Serie B', '1', '47');
INSERT INTO `scores`.`liga` (`id`, `naziv`, `sport_id`, `zemlja_id`) VALUES ('75', 'Primavera 1', '1', '47');
INSERT INTO `scores`.`liga` (`id`, `naziv`, `sport_id`, `zemlja_id`) VALUES ('76', 'Primavera 2', '1', '47');


INSERT INTO `scores`.`zemlja` (`id`, `naziv`) VALUES ('48', 'Izrael');
INSERT INTO `scores`.`liga` (`id`, `naziv`, `sport_id`, `zemlja_id`) VALUES ('77', 'Ligat haAL', '1', '48');

INSERT INTO `scores`.`zemlja` (`id`, `naziv`) VALUES ('49', 'Jamajka');
INSERT INTO `scores`.`liga` (`id`, `naziv`, `sport_id`, `zemlja_id`) VALUES ('78', 'Premier League', '1', '49');

INSERT INTO `scores`.`zemlja` (`id`, `naziv`) VALUES ('50', 'Japan');
INSERT INTO `scores`.`liga` (`id`, `naziv`, `sport_id`, `zemlja_id`) VALUES ('79', 'J1 League', '1', '50');
INSERT INTO `scores`.`liga` (`id`, `naziv`, `sport_id`, `zemlja_id`) VALUES ('80', 'J2 League', '1', '50');

INSERT INTO `scores`.`zemlja` (`id`, `naziv`) VALUES ('51', 'Jemen');
INSERT INTO `scores`.`liga` (`id`, `naziv`, `sport_id`, `zemlja_id`) VALUES ('81', 'Division 1', '1', '51');

INSERT INTO `scores`.`zemlja` (`id`, `naziv`) VALUES ('52', 'Jermenija');
INSERT INTO `scores`.`liga` (`id`, `naziv`, `sport_id`, `zemlja_id`) VALUES ('82', 'Premier League', '1', '52');

INSERT INTO `scores`.`zemlja` (`id`, `naziv`) VALUES ('53', 'Južna Afrika');
INSERT INTO `scores`.`liga` (`id`, `naziv`, `sport_id`, `zemlja_id`) VALUES ('83', 'Premier League', '1', '53');

INSERT INTO `scores`.`zemlja` (`id`, `naziv`) VALUES ('54', 'Južna Koreja');
INSERT INTO `scores`.`liga` (`id`, `naziv`, `sport_id`, `zemlja_id`) VALUES ('84', 'K League 1', '1', '54');
INSERT INTO `scores`.`liga` (`id`, `naziv`, `sport_id`, `zemlja_id`) VALUES ('85', 'K League 2', '1', '54');

INSERT INTO `scores`.`zemlja` (`id`, `naziv`) VALUES ('55', 'Kamerun');
INSERT INTO `scores`.`liga` (`id`, `naziv`, `sport_id`, `zemlja_id`) VALUES ('86', 'Elite One', '1', '55');
INSERT INTO `scores`.`liga` (`id`, `naziv`, `sport_id`, `zemlja_id`) VALUES ('87', 'Elite Two', '1', '55');

INSERT INTO `scores`.`zemlja` (`id`, `naziv`) VALUES ('56', 'Kanada');
INSERT INTO `scores`.`liga` (`id`, `naziv`, `sport_id`, `zemlja_id`) VALUES ('88', 'Canadian Premier League', '1', '56');
INSERT INTO `scores`.`liga` (`id`, `naziv`, `sport_id`, `zemlja_id`) VALUES ('89', 'Championship', '1', '56');

INSERT INTO `scores`.`zemlja` (`id`, `naziv`) VALUES ('57', 'Katar');
INSERT INTO `scores`.`liga` (`id`, `naziv`, `sport_id`, `zemlja_id`) VALUES ('90', 'QSL', '1', '57');

INSERT INTO `scores`.`zemlja` (`id`, `naziv`) VALUES ('58', 'Kazahstan');
INSERT INTO `scores`.`liga` (`id`, `naziv`, `sport_id`, `zemlja_id`) VALUES ('91', 'Premier League', '1', '58');

INSERT INTO `scores`.`zemlja` (`id`, `naziv`) VALUES ('59', 'Kenija');
INSERT INTO `scores`.`liga` (`id`, `naziv`, `sport_id`, `zemlja_id`) VALUES ('92', 'Premier League', '1', '59');

INSERT INTO `scores`.`zemlja` (`id`, `naziv`) VALUES ('60', 'Kina');
INSERT INTO `scores`.`liga` (`id`, `naziv`, `sport_id`, `zemlja_id`) VALUES ('93', 'Super League', '1', '60');
INSERT INTO `scores`.`liga` (`id`, `naziv`, `sport_id`, `zemlja_id`) VALUES ('94', 'Jia League', '1', '60');

INSERT INTO `scores`.`zemlja` (`id`, `naziv`) VALUES ('61', 'Kipar');
INSERT INTO `scores`.`liga` (`id`, `naziv`, `sport_id`, `zemlja_id`) VALUES ('95', 'First Division', '1', '61');

INSERT INTO `scores`.`zemlja` (`id`, `naziv`) VALUES ('62', 'Kolumbija');
INSERT INTO `scores`.`liga` (`id`, `naziv`, `sport_id`, `zemlja_id`) VALUES ('96', 'Primera A', '1', '62');
INSERT INTO `scores`.`liga` (`id`, `naziv`, `sport_id`, `zemlja_id`) VALUES ('97', 'Primera B', '1', '62');

INSERT INTO `scores`.`zemlja` (`id`, `naziv`) VALUES ('63', 'Kongo');
INSERT INTO `scores`.`liga` (`id`, `naziv`, `sport_id`, `zemlja_id`) VALUES ('98', 'Ligue 1', '1', '63');

INSERT INTO `scores`.`zemlja` (`id`, `naziv`) VALUES ('64', 'Kostarika');
INSERT INTO `scores`.`liga` (`id`, `naziv`, `sport_id`, `zemlja_id`) VALUES ('99', 'Primera Division', '1', '64');

INSERT INTO `scores`.`zemlja` (`id`, `naziv`) VALUES ('65', 'Letonija');
INSERT INTO `scores`.`liga` (`id`, `naziv`, `sport_id`, `zemlja_id`) VALUES ('100', 'Optibet Virsliga', '1', '65');

INSERT INTO `scores`.`zemlja` (`id`, `naziv`) VALUES ('66', 'Liban');
INSERT INTO `scores`.`liga` (`id`, `naziv`, `sport_id`, `zemlja_id`) VALUES ('101', 'Premier League', '1', '66');

INSERT INTO `scores`.`zemlja` (`id`, `naziv`) VALUES ('67', 'Libija');
INSERT INTO `scores`.`liga` (`id`, `naziv`, `sport_id`, `zemlja_id`) VALUES ('102', 'Premier League', '1', '67');

INSERT INTO `scores`.`zemlja` (`id`, `naziv`) VALUES ('68', 'Lihtenštajn');
INSERT INTO `scores`.`liga` (`id`, `naziv`, `sport_id`, `zemlja_id`) VALUES ('103', 'Liechtenstein League', '1', '68');

INSERT INTO `scores`.`zemlja` (`id`, `naziv`) VALUES ('69', 'Litvanija');
INSERT INTO `scores`.`liga` (`id`, `naziv`, `sport_id`, `zemlja_id`) VALUES ('104', 'A Lyga', '1', '69');
INSERT INTO `scores`.`liga` (`id`, `naziv`, `sport_id`, `zemlja_id`) VALUES ('105', 'I Lyga', '1', '69');

INSERT INTO `scores`.`zemlja` (`id`, `naziv`) VALUES ('70', 'Luksemburg');
INSERT INTO `scores`.`liga` (`id`, `naziv`, `sport_id`, `zemlja_id`) VALUES ('106', 'National Division', '1', '70');

INSERT INTO `scores`.`zemlja` (`id`, `naziv`) VALUES ('71', 'Mađarska');
INSERT INTO `scores`.`liga` (`id`, `naziv`, `sport_id`, `zemlja_id`) VALUES ('107', 'OTP Bank Liga', '1', '71');
INSERT INTO `scores`.`liga` (`id`, `naziv`, `sport_id`, `zemlja_id`) VALUES ('108', 'Merkantil Bank Liga', '1', '71');

INSERT INTO `scores`.`zemlja` (`id`, `naziv`) VALUES ('72', 'Maldivi');
INSERT INTO `scores`.`liga` (`id`, `naziv`, `sport_id`, `zemlja_id`) VALUES ('109', 'Premier League', '1', '72');

INSERT INTO `scores`.`zemlja` (`id`, `naziv`) VALUES ('73', 'Malezija');
INSERT INTO `scores`.`liga` (`id`, `naziv`, `sport_id`, `zemlja_id`) VALUES ('110', 'Super League', '1', '73');
INSERT INTO `scores`.`liga` (`id`, `naziv`, `sport_id`, `zemlja_id`) VALUES ('111', 'Premier League', '1', '73');

INSERT INTO `scores`.`zemlja` (`id`, `naziv`) VALUES ('74', 'Mali');
INSERT INTO `scores`.`liga` (`id`, `naziv`, `sport_id`, `zemlja_id`) VALUES ('112', 'Premiere Division', '1', '74');

INSERT INTO `scores`.`zemlja` (`id`, `naziv`) VALUES ('75', 'Malta');
INSERT INTO `scores`.`liga` (`id`, `naziv`, `sport_id`, `zemlja_id`) VALUES ('113', 'Premier League', '1', '75');

INSERT INTO `scores`.`zemlja` (`id`, `naziv`) VALUES ('76', 'Maroko');
INSERT INTO `scores`.`liga` (`id`, `naziv`, `sport_id`, `zemlja_id`) VALUES ('114', 'Botola Pro', '1', '76');
INSERT INTO `scores`.`liga` (`id`, `naziv`, `sport_id`, `zemlja_id`) VALUES ('115', 'Botola 2', '1', '76');

INSERT INTO `scores`.`zemlja` (`id`, `naziv`) VALUES ('77', 'Meksiko');
INSERT INTO `scores`.`liga` (`id`, `naziv`, `sport_id`, `zemlja_id`) VALUES ('116', 'Liga MX', '1', '77');

INSERT INTO `scores`.`zemlja` (`id`, `naziv`) VALUES ('78', 'Moldavija');
INSERT INTO `scores`.`liga` (`id`, `naziv`, `sport_id`, `zemlja_id`) VALUES ('117', 'Divizia Nationala', '1', '78');

INSERT INTO `scores`.`zemlja` (`id`, `naziv`) VALUES ('79', 'Mongolija');
INSERT INTO `scores`.`liga` (`id`, `naziv`, `sport_id`, `zemlja_id`) VALUES ('118', 'Premier League', '1', '79');

INSERT INTO `scores`.`zemlja` (`id`, `naziv`) VALUES ('80', 'Mozambik');
INSERT INTO `scores`.`liga` (`id`, `naziv`, `sport_id`, `zemlja_id`) VALUES ('119', 'Mocambola', '1', '80');

INSERT INTO `scores`.`zemlja` (`id`, `naziv`) VALUES ('81', 'Nigerija');
INSERT INTO `scores`.`liga` (`id`, `naziv`, `sport_id`, `zemlja_id`) VALUES ('120', 'NPFL', '1', '81');

INSERT INTO `scores`.`zemlja` (`id`, `naziv`) VALUES ('82', 'Nizozemska');
INSERT INTO `scores`.`liga` (`id`, `naziv`, `sport_id`, `zemlja_id`) VALUES ('121', 'Eredivisie', '1', '82');
INSERT INTO `scores`.`liga` (`id`, `naziv`, `sport_id`, `zemlja_id`) VALUES ('122', 'Eerste Divisie', '1', '82');
INSERT INTO `scores`.`liga` (`id`, `naziv`, `sport_id`, `zemlja_id`) VALUES ('123', 'Tweede Divisie', '1', '82');

INSERT INTO `scores`.`zemlja` (`id`, `naziv`) VALUES ('83', 'Norveška');
INSERT INTO `scores`.`liga` (`id`, `naziv`, `sport_id`, `zemlja_id`) VALUES ('124', 'Eliteserien', '1', '83');

INSERT INTO `scores`.`zemlja` (`id`, `naziv`) VALUES ('84', 'Novi Zeland');
INSERT INTO `scores`.`liga` (`id`, `naziv`, `sport_id`, `zemlja_id`) VALUES ('125', 'National League', '1', '84');

INSERT INTO `scores`.`zemlja` (`id`, `naziv`) VALUES ('85', 'Nemačka');
INSERT INTO `scores`.`liga` (`id`, `naziv`, `sport_id`, `zemlja_id`) VALUES ('126', 'Bundesliga', '1', '85');
INSERT INTO `scores`.`liga` (`id`, `naziv`, `sport_id`, `zemlja_id`) VALUES ('127', '2. Bundesliga', '1', '85');
INSERT INTO `scores`.`liga` (`id`, `naziv`, `sport_id`, `zemlja_id`) VALUES ('128', '3. Liga', '1', '85');


INSERT INTO `scores`.`zemlja` (`id`, `naziv`) VALUES ('86', 'Obala Slonovače');
INSERT INTO `scores`.`liga` (`id`, `naziv`, `sport_id`, `zemlja_id`) VALUES ('129', 'Ligue 1', '1', '86');

INSERT INTO `scores`.`zemlja` (`id`, `naziv`) VALUES ('87', 'Oman');
INSERT INTO `scores`.`liga` (`id`, `naziv`, `sport_id`, `zemlja_id`) VALUES ('130', 'Professional League', '1', '87');

INSERT INTO `scores`.`zemlja` (`id`, `naziv`) VALUES ('88', 'Panama');
INSERT INTO `scores`.`liga` (`id`, `naziv`, `sport_id`, `zemlja_id`) VALUES ('131', 'LPF', '1', '88');

INSERT INTO `scores`.`zemlja` (`id`, `naziv`) VALUES ('89', 'Paragvaj');
INSERT INTO `scores`.`liga` (`id`, `naziv`, `sport_id`, `zemlja_id`) VALUES ('132', 'Primera Division', '1', '89');

INSERT INTO `scores`.`zemlja` (`id`, `naziv`) VALUES ('90', 'Peru');
INSERT INTO `scores`.`liga` (`id`, `naziv`, `sport_id`, `zemlja_id`) VALUES ('133', 'Liga 1', '1', '90');
INSERT INTO `scores`.`liga` (`id`, `naziv`, `sport_id`, `zemlja_id`) VALUES ('134', 'Liga 2', '1', '90');

INSERT INTO `scores`.`zemlja` (`id`, `naziv`) VALUES ('91', 'Poljska');
INSERT INTO `scores`.`liga` (`id`, `naziv`, `sport_id`, `zemlja_id`) VALUES ('135', 'Ekstraklasa', '1', '91');

INSERT INTO `scores`.`zemlja` (`id`, `naziv`) VALUES ('92', 'Portugal');
INSERT INTO `scores`.`liga` (`id`, `naziv`, `sport_id`, `zemlja_id`) VALUES ('136', 'Primeira Liga', '1', '92');
INSERT INTO `scores`.`liga` (`id`, `naziv`, `sport_id`, `zemlja_id`) VALUES ('137', 'LigaPro', '1', '92');

INSERT INTO `scores`.`zemlja` (`id`, `naziv`) VALUES ('93', 'Rumunija');
INSERT INTO `scores`.`liga` (`id`, `naziv`, `sport_id`, `zemlja_id`) VALUES ('138', 'Liga 1', '1', '93');
INSERT INTO `scores`.`liga` (`id`, `naziv`, `sport_id`, `zemlja_id`) VALUES ('139', 'Liga 2', '1', '93');

INSERT INTO `scores`.`zemlja` (`id`, `naziv`) VALUES ('94', 'Rusija');
INSERT INTO `scores`.`liga` (`id`, `naziv`, `sport_id`, `zemlja_id`) VALUES ('140', 'Premier League', '1', '94');
INSERT INTO `scores`.`liga` (`id`, `naziv`, `sport_id`, `zemlja_id`) VALUES ('141', 'FNL', '1', '94');

INSERT INTO `scores`.`zemlja` (`id`, `naziv`) VALUES ('95', 'SAD');
INSERT INTO `scores`.`liga` (`id`, `naziv`, `sport_id`, `zemlja_id`) VALUES ('142', 'MLS', '1', '95');
INSERT INTO `scores`.`liga` (`id`, `naziv`, `sport_id`, `zemlja_id`) VALUES ('143', 'USL Championship', '1', '95');

INSERT INTO `scores`.`zemlja` (`id`, `naziv`) VALUES ('96', 'San Marino');
INSERT INTO `scores`.`liga` (`id`, `naziv`, `sport_id`, `zemlja_id`) VALUES ('144', 'Campionato Sammarinese', '1', '96');

INSERT INTO `scores`.`zemlja` (`id`, `naziv`) VALUES ('97', 'Saudijska Arabija');
INSERT INTO `scores`.`liga` (`id`, `naziv`, `sport_id`, `zemlja_id`) VALUES ('145', 'Premier League', '1', '97');
INSERT INTO `scores`.`liga` (`id`, `naziv`, `sport_id`, `zemlja_id`) VALUES ('146', 'Division 1', '1', '97');

INSERT INTO `scores`.`zemlja` (`id`, `naziv`) VALUES ('98', 'Senegal');
INSERT INTO `scores`.`liga` (`id`, `naziv`, `sport_id`, `zemlja_id`) VALUES ('147', 'Ligue 1', '1', '98');

INSERT INTO `scores`.`zemlja` (`id`, `naziv`) VALUES ('99', 'Singapur');
INSERT INTO `scores`.`liga` (`id`, `naziv`, `sport_id`, `zemlja_id`) VALUES ('148', 'Premier League', '1', '99');

INSERT INTO `scores`.`zemlja` (`id`, `naziv`) VALUES ('100', 'Sirija');
INSERT INTO `scores`.`liga` (`id`, `naziv`, `sport_id`, `zemlja_id`) VALUES ('149', 'Premier League', '1', '100');

INSERT INTO `scores`.`zemlja` (`id`, `naziv`) VALUES ('101', 'Severna Irska');
INSERT INTO `scores`.`liga` (`id`, `naziv`, `sport_id`, `zemlja_id`) VALUES ('150', 'NIFL Premiership', '1', '101');
INSERT INTO `scores`.`liga` (`id`, `naziv`, `sport_id`, `zemlja_id`) VALUES ('151', 'NIFL Championship', '1', '101');

INSERT INTO `scores`.`zemlja` (`id`, `naziv`) VALUES ('102', 'Severna Makedonija');
INSERT INTO `scores`.`liga` (`id`, `naziv`, `sport_id`, `zemlja_id`) VALUES ('152', '1. MFL', '1', '102');
INSERT INTO `scores`.`liga` (`id`, `naziv`, `sport_id`, `zemlja_id`) VALUES ('153', '2. MFL', '1', '102');


INSERT INTO `scores`.`zemlja` (`id`, `naziv`) VALUES ('103', 'Slovačka');
INSERT INTO `scores`.`liga` (`id`, `naziv`, `sport_id`, `zemlja_id`) VALUES ('154', 'Fortuna liga', '1', '103');
INSERT INTO `scores`.`liga` (`id`, `naziv`, `sport_id`, `zemlja_id`) VALUES ('155', '2. liga', '1', '103');

INSERT INTO `scores`.`zemlja` (`id`, `naziv`) VALUES ('104', 'Slovenija');
INSERT INTO `scores`.`liga` (`id`, `naziv`, `sport_id`, `zemlja_id`) VALUES ('156', 'Prva Liga', '1', '104');
INSERT INTO `scores`.`liga` (`id`, `naziv`, `sport_id`, `zemlja_id`) VALUES ('157', '2. SNL', '1', '104');

INSERT INTO `scores`.`zemlja` (`id`, `naziv`) VALUES ('105', 'Srbija');
INSERT INTO `scores`.`liga` (`id`, `naziv`, `sport_id`, `zemlja_id`) VALUES ('158', 'Superliga', '1', '105');
INSERT INTO `scores`.`liga` (`id`, `naziv`, `sport_id`, `zemlja_id`) VALUES ('159', 'Prva Liga', '1', '105');

INSERT INTO `scores`.`zemlja` (`id`, `naziv`) VALUES ('106', 'Sudan');
INSERT INTO `scores`.`liga` (`id`, `naziv`, `sport_id`, `zemlja_id`) VALUES ('160', 'Premier League', '1', '106');

INSERT INTO `scores`.`zemlja` (`id`, `naziv`) VALUES ('107', 'Škotska');
INSERT INTO `scores`.`liga` (`id`, `naziv`, `sport_id`, `zemlja_id`) VALUES ('161', 'Premiership', '1', '107');
INSERT INTO `scores`.`liga` (`id`, `naziv`, `sport_id`, `zemlja_id`) VALUES ('162', 'Championship', '1', '107');

INSERT INTO `scores`.`zemlja` (`id`, `naziv`) VALUES ('108', 'Španija');
INSERT INTO `scores`.`liga` (`id`, `naziv`, `sport_id`, `zemlja_id`) VALUES ('163', 'LaLiga', '1', '108');
INSERT INTO `scores`.`liga` (`id`, `naziv`, `sport_id`, `zemlja_id`) VALUES ('164', 'LaLiga2', '1', '108');

INSERT INTO `scores`.`zemlja` (`id`, `naziv`) VALUES ('109', 'Švedska');
INSERT INTO `scores`.`liga` (`id`, `naziv`, `sport_id`, `zemlja_id`) VALUES ('165', 'Allsvenskan', '1', '109');
INSERT INTO `scores`.`liga` (`id`, `naziv`, `sport_id`, `zemlja_id`) VALUES ('166', 'Superettan', '1', '109');

INSERT INTO `scores`.`zemlja` (`id`, `naziv`) VALUES ('110', 'Švajcarska');
INSERT INTO `scores`.`liga` (`id`, `naziv`, `sport_id`, `zemlja_id`) VALUES ('167', 'Super League', '1', '110');

INSERT INTO `scores`.`zemlja` (`id`, `naziv`) VALUES ('111', 'Tajland');
INSERT INTO `scores`.`liga` (`id`, `naziv`, `sport_id`, `zemlja_id`) VALUES ('168', 'Thai League 1', '1', '111');
INSERT INTO `scores`.`liga` (`id`, `naziv`, `sport_id`, `zemlja_id`) VALUES ('169', 'Thai League 2', '1', '111');

INSERT INTO `scores`.`zemlja` (`id`, `naziv`) VALUES ('112', 'Tajvan');
INSERT INTO `scores`.`liga` (`id`, `naziv`, `sport_id`, `zemlja_id`) VALUES ('170', 'Premier League', '1', '112');

INSERT INTO `scores`.`zemlja` (`id`, `naziv`) VALUES ('113', 'Tanzanija');
INSERT INTO `scores`.`liga` (`id`, `naziv`, `sport_id`, `zemlja_id`) VALUES ('171', 'Ligi Kuu Bara', '1', '113');

INSERT INTO `scores`.`zemlja` (`id`, `naziv`) VALUES ('114', 'Tunis');
INSERT INTO `scores`.`liga` (`id`, `naziv`, `sport_id`, `zemlja_id`) VALUES ('172', 'Ligue Professionnelle', '1', '114');

INSERT INTO `scores`.`zemlja` (`id`, `naziv`) VALUES ('115', 'Turska');
INSERT INTO `scores`.`liga` (`id`, `naziv`, `sport_id`, `zemlja_id`) VALUES ('173', 'Super Lig', '1', '115');
INSERT INTO `scores`.`liga` (`id`, `naziv`, `sport_id`, `zemlja_id`) VALUES ('174', '1. Lig', '1', '115');

INSERT INTO `scores`.`zemlja` (`id`, `naziv`) VALUES ('116', 'Uganda');
INSERT INTO `scores`.`liga` (`id`, `naziv`, `sport_id`, `zemlja_id`) VALUES ('175', 'Premier League', '1', '116');

INSERT INTO `scores`.`zemlja` (`id`, `naziv`) VALUES ('117', 'UAE');
INSERT INTO `scores`.`liga` (`id`, `naziv`, `sport_id`, `zemlja_id`) VALUES ('176', 'UAE League', '1', '117');

INSERT INTO `scores`.`zemlja` (`id`, `naziv`) VALUES ('118', 'Ukrajina');
INSERT INTO `scores`.`liga` (`id`, `naziv`, `sport_id`, `zemlja_id`) VALUES ('177', 'Premier League', '1', '118');
INSERT INTO `scores`.`liga` (`id`, `naziv`, `sport_id`, `zemlja_id`) VALUES ('178', 'Persha Liga', '1', '118');

INSERT INTO `scores`.`zemlja` (`id`, `naziv`) VALUES ('119', 'Urugvaj');
INSERT INTO `scores`.`liga` (`id`, `naziv`, `sport_id`, `zemlja_id`) VALUES ('179', 'Primera Division', '1', '119');
INSERT INTO `scores`.`liga` (`id`, `naziv`, `sport_id`, `zemlja_id`) VALUES ('180', 'Segunda Division', '1', '119');


INSERT INTO `scores`.`zemlja` (`id`, `naziv`) VALUES ('120', 'Venecuela');
INSERT INTO `scores`.`liga` (`id`, `naziv`, `sport_id`, `zemlja_id`) VALUES ('181', 'Primera Division', '1', '120');
INSERT INTO `scores`.`liga` (`id`, `naziv`, `sport_id`, `zemlja_id`) VALUES ('182', 'Segunda Division', '1', '120');

INSERT INTO `scores`.`zemlja` (`id`, `naziv`) VALUES ('121', 'Vijetnam');
INSERT INTO `scores`.`liga` (`id`, `naziv`, `sport_id`, `zemlja_id`) VALUES ('183', 'V.League 1', '1', '121');
INSERT INTO `scores`.`liga` (`id`, `naziv`, `sport_id`, `zemlja_id`) VALUES ('184', 'V.League 2', '1', '121');

INSERT INTO `scores`.`zemlja` (`id`, `naziv`) VALUES ('122', 'Vels');
INSERT INTO `scores`.`liga` (`id`, `naziv`, `sport_id`, `zemlja_id`) VALUES ('185', 'Cymru Premier', '1', '122');

INSERT INTO `scores`.`zemlja` (`id`, `naziv`) VALUES ('123', 'Zambija');
INSERT INTO `scores`.`liga` (`id`, `naziv`, `sport_id`, `zemlja_id`) VALUES ('186', 'Super League', '1', '123');

INSERT INTO `scores`.`zemlja` (`id`, `naziv`) VALUES ('124', 'Zimbabve');
INSERT INTO `scores`.`liga` (`id`, `naziv`, `sport_id`, `zemlja_id`) VALUES ('187', 'Premier Soccer League', '1', '124');


/*TRENERI*/
INSERT INTO `scores`.`trener` (`id`, `godinja_rodjenja`, `ime`, `prezime`, `sport_id`, `zemlja_id`) VALUES ('1', '1998-01-19', 'Igor', 'Malesevic', '1', '105');
INSERT INTO `scores`.`trener` (`id`, `godinja_rodjenja`, `ime`, `prezime`, `sport_id`, `zemlja_id`) VALUES ('2', '1997-03-15', 'Petar', 'Curcin', '1', '105');
INSERT INTO `scores`.`trener` (`id`, `godinja_rodjenja`, `ime`, `prezime`, `sport_id`, `zemlja_id`) VALUES ('3', '1998-01-19', 'Bojan', 'Markovic', '1', '105');
INSERT INTO `scores`.`trener` (`id`, `godinja_rodjenja`, `ime`, `prezime`, `sport_id`, `zemlja_id`) VALUES ('4', '1998-01-19', 'Veljko', 'Maksimovic', '1', '105');

/*FK*/
INSERT INTO `scores`.`fudblaski_klub` (`id`, `naziv`, `trener_id`, `zemlja_id`) VALUES ('1', 'Indjija', '1', '105');
INSERT INTO `scores`.`fudblaski_klub` (`id`, `naziv`, `trener_id`, `zemlja_id`) VALUES ('2', 'Curug', '2', '105');

/*SEZONA*/
INSERT INTO `scores`.`sezona` (`id`, `godina`) VALUES ('1', '1990');
INSERT INTO `scores`.`sezona` (`id`, `godina`) VALUES ('2', '1991');
INSERT INTO `scores`.`sezona` (`id`, `godina`) VALUES ('3', '1992');
INSERT INTO `scores`.`sezona` (`id`, `godina`) VALUES ('4', '1993');
INSERT INTO `scores`.`sezona` (`id`, `godina`) VALUES ('5', '1994');
INSERT INTO `scores`.`sezona` (`id`, `godina`) VALUES ('6', '1995');
INSERT INTO `scores`.`sezona` (`id`, `godina`) VALUES ('7', '1996');
INSERT INTO `scores`.`sezona` (`id`, `godina`) VALUES ('8', '1997');
INSERT INTO `scores`.`sezona` (`id`, `godina`) VALUES ('9', '1998');
INSERT INTO `scores`.`sezona` (`id`, `godina`) VALUES ('10', '1999');
INSERT INTO `scores`.`sezona` (`id`, `godina`) VALUES ('11', '2000');
INSERT INTO `scores`.`sezona` (`id`, `godina`) VALUES ('12', '2001');
INSERT INTO `scores`.`sezona` (`id`, `godina`) VALUES ('13', '2002');
INSERT INTO `scores`.`sezona` (`id`, `godina`) VALUES ('14', '2003');
INSERT INTO `scores`.`sezona` (`id`, `godina`) VALUES ('15', '2004');
INSERT INTO `scores`.`sezona` (`id`, `godina`) VALUES ('16', '2005');
INSERT INTO `scores`.`sezona` (`id`, `godina`) VALUES ('17', '2006');
INSERT INTO `scores`.`sezona` (`id`, `godina`) VALUES ('18', '2007');
INSERT INTO `scores`.`sezona` (`id`, `godina`) VALUES ('19', '2008');
INSERT INTO `scores`.`sezona` (`id`, `godina`) VALUES ('20', '2009');
INSERT INTO `scores`.`sezona` (`id`, `godina`) VALUES ('21', '2010');
INSERT INTO `scores`.`sezona` (`id`, `godina`) VALUES ('22', '2011');
INSERT INTO `scores`.`sezona` (`id`, `godina`) VALUES ('23', '2012');
INSERT INTO `scores`.`sezona` (`id`, `godina`) VALUES ('24', '2013');
INSERT INTO `scores`.`sezona` (`id`, `godina`) VALUES ('25', '2014');
INSERT INTO `scores`.`sezona` (`id`, `godina`) VALUES ('26', '2015');
INSERT INTO `scores`.`sezona` (`id`, `godina`) VALUES ('27', '2016');
INSERT INTO `scores`.`sezona` (`id`, `godina`) VALUES ('28', '2017');
INSERT INTO `scores`.`sezona` (`id`, `godina`) VALUES ('29', '2018');
INSERT INTO `scores`.`sezona` (`id`, `godina`) VALUES ('30', '2019');
INSERT INTO `scores`.`sezona` (`id`, `godina`) VALUES ('31', '2020');
INSERT INTO `scores`.`sezona` (`id`, `godina`) VALUES ('32', '2021');

/*FUDBALSKI_REZULTAT*/
INSERT INTO `scores`.`fudbalski_rezultat` (`id`, `golovi_domacin`, `golovi_gost`, `vreme_odrzavanja_utakmice`, `domacin_id`, `gost_id`, `liga_id`, `sezona_id`) VALUES ('1', '2', '1', '2020-08-18 22:00:00.000000', '1', '2', '1', '30');
INSERT INTO `scores`.`fudbalski_rezultat` (`id`, `golovi_domacin`, `golovi_gost`, `vreme_odrzavanja_utakmice`, `domacin_id`, `gost_id`, `liga_id`, `sezona_id`) VALUES ('2', '1', '1', '2020-08-18 22:00:00.000000', '2', '1', '5', '30');

