/*SPORTOVI*/
INSERT INTO `scores`.`sport` (`id`, `naziv`) VALUES ('1', 'Fudbal');
INSERT INTO `scores`.`sport` (`id`, `naziv`) VALUES ('2', 'Kosarka');
INSERT INTO `scores`.`sport` (`id`, `naziv`) VALUES ('3', 'Tenis');
INSERT INTO `scores`.`sport` (`id`, `naziv`) VALUES ('4', 'Odbojka');

/*ZEMLJE*/
/*LIGE*/
INSERT INTO `scores`.`zemlja` (`id`, `naziv`) VALUES ('1', 'Albanija');
INSERT INTO `scores`.`liga` (`id`, `naziv`, `sport_id`, `zemlja_id`) VALUES ('1', 'Superliga', '1', '1');
INSERT INTO `scores`.`liga` (`id`, `naziv`, `sport_id`, `zemlja_id`) VALUES ('2', 'First Division', '1', '1');

INSERT INTO `scores`.`zemlja` (`id`, `naziv`) VALUES ('2', 'Alžir');
INSERT INTO `scores`.`liga` (`id`, `naziv`, `sport_id`, `zemlja_id`) VALUES ('3', 'Ligue 1', '1', '2');
INSERT INTO `scores`.`liga` (`id`, `naziv`, `sport_id`, `zemlja_id`) VALUES ('4', 'Ligue 2', '1', '2');

INSERT INTO `scores`.`zemlja` (`id`, `naziv`) VALUES ('3', 'Andora');
INSERT INTO `scores`.`liga` (`id`, `naziv`, `sport_id`, `zemlja_id`) VALUES ('5', 'Primera Divisio', '1', '3');

INSERT INTO `scores`.`zemlja` (`id`, `naziv`) VALUES ('4', 'Angola');
INSERT INTO `scores`.`liga` (`id`, `naziv`, `sport_id`, `zemlja_id`) VALUES ('6', 'Girabola', '1', '4');

INSERT INTO `scores`.`zemlja` (`id`, `naziv`) VALUES ('5', 'Argentina');
INSERT INTO `scores`.`liga` (`id`, `naziv`, `sport_id`, `zemlja_id`) VALUES ('7', 'Superliga', '1', '5');
INSERT INTO `scores`.`liga` (`id`, `naziv`, `sport_id`, `zemlja_id`) VALUES ('8', 'Primera Nacional', '1', '5');
INSERT INTO `scores`.`liga` (`id`, `naziv`, `sport_id`, `zemlja_id`) VALUES ('9', 'Torneo Federal', '1', '5');

INSERT INTO `scores`.`zemlja` (`id`, `naziv`) VALUES ('6', 'Australija');
INSERT INTO `scores`.`liga` (`id`, `naziv`, `sport_id`, `zemlja_id`) VALUES ('10', 'A-League', '1', '6');
INSERT INTO `scores`.`liga` (`id`, `naziv`, `sport_id`, `zemlja_id`) VALUES ('11', 'W-League', '1', '6');

INSERT INTO `scores`.`zemlja` (`id`, `naziv`) VALUES ('7', 'Austrija');
INSERT INTO `scores`.`liga` (`id`, `naziv`, `sport_id`, `zemlja_id`) VALUES ('12', 'Tipico Bundesliga', '1', '7');
INSERT INTO `scores`.`liga` (`id`, `naziv`, `sport_id`, `zemlja_id`) VALUES ('13', '2. Liga', '1', '7');

INSERT INTO `scores`.`zemlja` (`id`, `naziv`) VALUES ('8', 'Azerbejdžan');
INSERT INTO `scores`.`liga` (`id`, `naziv`, `sport_id`, `zemlja_id`) VALUES ('14', 'Premier League', '1', '8');

INSERT INTO `scores`.`zemlja` (`id`, `naziv`) VALUES ('9', 'Bahrein');
INSERT INTO `scores`.`liga` (`id`, `naziv`, `sport_id`, `zemlja_id`) VALUES ('15', 'Premier League', '1', '9');

INSERT INTO `scores`.`zemlja` (`id`, `naziv`) VALUES ('10', 'Bangladeš');
INSERT INTO `scores`.`liga` (`id`, `naziv`, `sport_id`, `zemlja_id`) VALUES ('16', 'Premier League', '1', '10');

INSERT INTO `scores`.`zemlja` (`id`, `naziv`) VALUES ('11', 'Belgija');
INSERT INTO `scores`.`liga` (`id`, `naziv`, `sport_id`, `zemlja_id`) VALUES ('17', 'Jupiler League', '1', '11');
INSERT INTO `scores`.`liga` (`id`, `naziv`, `sport_id`, `zemlja_id`) VALUES ('18', 'Proximus League', '1', '11');
INSERT INTO `scores`.`liga` (`id`, `naziv`, `sport_id`, `zemlja_id`) VALUES ('19', 'Super League Women', '1', '11');

INSERT INTO `scores`.`zemlja` (`id`, `naziv`) VALUES ('12', 'Belorusija');
INSERT INTO `scores`.`liga` (`id`, `naziv`, `sport_id`, `zemlja_id`) VALUES ('20', 'Vysshaya Liga', '1', '12');
INSERT INTO `scores`.`liga` (`id`, `naziv`, `sport_id`, `zemlja_id`) VALUES ('21', 'Pershaya Liga', '1', '12');

INSERT INTO `scores`.`zemlja` (`id`, `naziv`) VALUES ('13', 'Bocvana');
INSERT INTO `scores`.`liga` (`id`, `naziv`, `sport_id`, `zemlja_id`) VALUES ('22', 'Premier League', '1', '13');

INSERT INTO `scores`.`zemlja` (`id`, `naziv`) VALUES ('14', 'Bolivija');
INSERT INTO `scores`.`liga` (`id`, `naziv`, `sport_id`, `zemlja_id`) VALUES ('23', 'Division Profesional', '1', '14');

INSERT INTO `scores`.`zemlja` (`id`, `naziv`) VALUES ('15', 'Bosna i Hercegovina');
INSERT INTO `scores`.`liga` (`id`, `naziv`, `sport_id`, `zemlja_id`) VALUES ('24', 'Premier League', '1', '15');
INSERT INTO `scores`.`liga` (`id`, `naziv`, `sport_id`, `zemlja_id`) VALUES ('25', 'FBiH', '1', '15');

INSERT INTO `scores`.`zemlja` (`id`, `naziv`) VALUES ('16', 'Brazil');
INSERT INTO `scores`.`liga` (`id`, `naziv`, `sport_id`, `zemlja_id`) VALUES ('26', 'Serie A', '1', '16');
INSERT INTO `scores`.`liga` (`id`, `naziv`, `sport_id`, `zemlja_id`) VALUES ('27', 'Serie B', '1', '16');
INSERT INTO `scores`.`liga` (`id`, `naziv`, `sport_id`, `zemlja_id`) VALUES ('28', 'Serie C', '1', '16');

INSERT INTO `scores`.`zemlja` (`id`, `naziv`) VALUES ('17', 'Bugarska');
INSERT INTO `scores`.`liga` (`id`, `naziv`, `sport_id`, `zemlja_id`) VALUES ('29', 'Parva Liga', '1', '17');
INSERT INTO `scores`.`liga` (`id`, `naziv`, `sport_id`, `zemlja_id`) VALUES ('30', 'Vtora Liga', '1', '17');

INSERT INTO `scores`.`zemlja` (`id`, `naziv`) VALUES ('18', 'Burkina Faso');
INSERT INTO `scores`.`liga` (`id`, `naziv`, `sport_id`, `zemlja_id`) VALUES ('31', 'Premier League', '1', '18');

INSERT INTO `scores`.`zemlja` (`id`, `naziv`) VALUES ('19', 'Crna Gora');
INSERT INTO `scores`.`liga` (`id`, `naziv`, `sport_id`, `zemlja_id`) VALUES ('32', 'Prva Crnogorska Liga', '1', '19');
INSERT INTO `scores`.`liga` (`id`, `naziv`, `sport_id`, `zemlja_id`) VALUES ('33', 'Druga Liga', '1', '19');

INSERT INTO `scores`.`zemlja` (`id`, `naziv`) VALUES ('20', 'Češka Republika');
INSERT INTO `scores`.`liga` (`id`, `naziv`, `sport_id`, `zemlja_id`) VALUES ('34', '1.Liga', '1', '20');
INSERT INTO `scores`.`liga` (`id`, `naziv`, `sport_id`, `zemlja_id`) VALUES ('35', '1.Liga - žene', '1', '20');

INSERT INTO `scores`.`zemlja` (`id`, `naziv`) VALUES ('21', 'Čile');
INSERT INTO `scores`.`liga` (`id`, `naziv`, `sport_id`, `zemlja_id`) VALUES ('36', 'Primera Division', '1', '21');

INSERT INTO `scores`.`zemlja` (`id`, `naziv`) VALUES ('22', 'Danska');
INSERT INTO `scores`.`liga` (`id`, `naziv`, `sport_id`, `zemlja_id`) VALUES ('37', 'Superliga', '1', '22');

INSERT INTO `scores`.`zemlja` (`id`, `naziv`) VALUES ('23', 'Dominikanska Republika');
INSERT INTO `scores`.`liga` (`id`, `naziv`, `sport_id`, `zemlja_id`) VALUES ('38', 'LDF', '1', '23');

INSERT INTO `scores`.`zemlja` (`id`, `naziv`) VALUES ('24', 'Egipat');
INSERT INTO `scores`.`liga` (`id`, `naziv`, `sport_id`, `zemlja_id`) VALUES ('39', 'Premier League', '1', '24');

INSERT INTO `scores`.`zemlja` (`id`, `naziv`) VALUES ('25', 'Ekvador');
INSERT INTO `scores`.`liga` (`id`, `naziv`, `sport_id`, `zemlja_id`) VALUES ('40', 'Liga Pro', '1', '25');
INSERT INTO `scores`.`liga` (`id`, `naziv`, `sport_id`, `zemlja_id`) VALUES ('41', 'Serie B', '1', '25');

INSERT INTO `scores`.`zemlja` (`id`, `naziv`) VALUES ('26', 'Engleska');
INSERT INTO `scores`.`liga` (`id`, `naziv`, `sport_id`, `zemlja_id`) VALUES ('42', 'Premier League', '1', '26');
INSERT INTO `scores`.`liga` (`id`, `naziv`, `sport_id`, `zemlja_id`) VALUES ('43', 'Championship', '1', '26');
INSERT INTO `scores`.`liga` (`id`, `naziv`, `sport_id`, `zemlja_id`) VALUES ('44', 'League One', '1', '26');
INSERT INTO `scores`.`liga` (`id`, `naziv`, `sport_id`, `zemlja_id`) VALUES ('45', 'Premier League Women', '1', '26');

INSERT INTO `scores`.`zemlja` (`id`, `naziv`) VALUES ('27', 'Estonija');
INSERT INTO `scores`.`liga` (`id`, `naziv`, `sport_id`, `zemlja_id`) VALUES ('46', 'Meistriliiga', '1', '27');

INSERT INTO `scores`.`zemlja` (`id`, `naziv`) VALUES ('28', 'Etiopija');
INSERT INTO `scores`.`liga` (`id`, `naziv`, `sport_id`, `zemlja_id`) VALUES ('47', 'Premier League', '1', '28');

INSERT INTO `scores`.`zemlja` (`id`, `naziv`) VALUES ('29', 'Farski Otoci');
INSERT INTO `scores`.`liga` (`id`, `naziv`, `sport_id`, `zemlja_id`) VALUES ('48', 'Premier League', '1', '29');

INSERT INTO `scores`.`zemlja` (`id`, `naziv`) VALUES ('30', 'Filipini');
INSERT INTO `scores`.`liga` (`id`, `naziv`, `sport_id`, `zemlja_id`) VALUES ('49', 'PFL', '1', '30');

INSERT INTO `scores`.`zemlja` (`id`, `naziv`) VALUES ('31', 'Finska');
INSERT INTO `scores`.`zemlja` (`id`, `naziv`) VALUES ('32', 'Francuska');
INSERT INTO `scores`.`zemlja` (`id`, `naziv`) VALUES ('33', 'Gabon');
INSERT INTO `scores`.`zemlja` (`id`, `naziv`) VALUES ('34', 'Gana');
INSERT INTO `scores`.`zemlja` (`id`, `naziv`) VALUES ('35', 'Gibraltar');
INSERT INTO `scores`.`zemlja` (`id`, `naziv`) VALUES ('36', 'Grčka');
INSERT INTO `scores`.`zemlja` (`id`, `naziv`) VALUES ('37', 'Gruzija');
INSERT INTO `scores`.`zemlja` (`id`, `naziv`) VALUES ('38', 'Gvatemala');
INSERT INTO `scores`.`zemlja` (`id`, `naziv`) VALUES ('39', 'Honduras');
INSERT INTO `scores`.`zemlja` (`id`, `naziv`) VALUES ('40', 'Hrvatska');
INSERT INTO `scores`.`zemlja` (`id`, `naziv`) VALUES ('41', 'Indija');
INSERT INTO `scores`.`zemlja` (`id`, `naziv`) VALUES ('42', 'Indonezija');
INSERT INTO `scores`.`zemlja` (`id`, `naziv`) VALUES ('43', 'Irak');
INSERT INTO `scores`.`zemlja` (`id`, `naziv`) VALUES ('44', 'Iran');
INSERT INTO `scores`.`zemlja` (`id`, `naziv`) VALUES ('45', 'Irska');
INSERT INTO `scores`.`zemlja` (`id`, `naziv`) VALUES ('46', 'Island');
INSERT INTO `scores`.`zemlja` (`id`, `naziv`) VALUES ('47', 'Italija');
INSERT INTO `scores`.`zemlja` (`id`, `naziv`) VALUES ('48', 'Izrael');
INSERT INTO `scores`.`zemlja` (`id`, `naziv`) VALUES ('49', 'Jamajka');
INSERT INTO `scores`.`zemlja` (`id`, `naziv`) VALUES ('50', 'Japan');
INSERT INTO `scores`.`zemlja` (`id`, `naziv`) VALUES ('51', 'Jemen');
INSERT INTO `scores`.`zemlja` (`id`, `naziv`) VALUES ('52', 'Jermenija');
INSERT INTO `scores`.`zemlja` (`id`, `naziv`) VALUES ('53', 'Južna Afrika');
INSERT INTO `scores`.`zemlja` (`id`, `naziv`) VALUES ('54', 'Južna Koreja');
INSERT INTO `scores`.`zemlja` (`id`, `naziv`) VALUES ('55', 'Kamerun');
INSERT INTO `scores`.`zemlja` (`id`, `naziv`) VALUES ('56', 'Kanada');
INSERT INTO `scores`.`zemlja` (`id`, `naziv`) VALUES ('57', 'Katar');
INSERT INTO `scores`.`zemlja` (`id`, `naziv`) VALUES ('58', 'Kazahstan');
INSERT INTO `scores`.`zemlja` (`id`, `naziv`) VALUES ('59', 'Kenija');
INSERT INTO `scores`.`zemlja` (`id`, `naziv`) VALUES ('60', 'Kina');
INSERT INTO `scores`.`zemlja` (`id`, `naziv`) VALUES ('61', 'Kipar');
INSERT INTO `scores`.`zemlja` (`id`, `naziv`) VALUES ('62', 'Kolumbija');
INSERT INTO `scores`.`zemlja` (`id`, `naziv`) VALUES ('63', 'Kongo');
INSERT INTO `scores`.`zemlja` (`id`, `naziv`) VALUES ('64', 'Kostarika');
INSERT INTO `scores`.`zemlja` (`id`, `naziv`) VALUES ('65', 'Letonija');
INSERT INTO `scores`.`zemlja` (`id`, `naziv`) VALUES ('66', 'Liban');
INSERT INTO `scores`.`zemlja` (`id`, `naziv`) VALUES ('67', 'Libija');
INSERT INTO `scores`.`zemlja` (`id`, `naziv`) VALUES ('68', 'Lihtenštajn');
INSERT INTO `scores`.`zemlja` (`id`, `naziv`) VALUES ('69', 'Litvanija');
INSERT INTO `scores`.`zemlja` (`id`, `naziv`) VALUES ('70', 'Luksemburg');
INSERT INTO `scores`.`zemlja` (`id`, `naziv`) VALUES ('71', 'Mađarska');
INSERT INTO `scores`.`zemlja` (`id`, `naziv`) VALUES ('72', 'Maldivi');
INSERT INTO `scores`.`zemlja` (`id`, `naziv`) VALUES ('73', 'Malezija');
INSERT INTO `scores`.`zemlja` (`id`, `naziv`) VALUES ('74', 'Mali');
INSERT INTO `scores`.`zemlja` (`id`, `naziv`) VALUES ('75', 'Malta');
INSERT INTO `scores`.`zemlja` (`id`, `naziv`) VALUES ('76', 'Maroko');
INSERT INTO `scores`.`zemlja` (`id`, `naziv`) VALUES ('77', 'Meksiko');
INSERT INTO `scores`.`zemlja` (`id`, `naziv`) VALUES ('78', 'Moldavija');
INSERT INTO `scores`.`zemlja` (`id`, `naziv`) VALUES ('79', 'Mongolija');
INSERT INTO `scores`.`zemlja` (`id`, `naziv`) VALUES ('80', 'Mozambik');
INSERT INTO `scores`.`zemlja` (`id`, `naziv`) VALUES ('81', 'Nigerija');
INSERT INTO `scores`.`zemlja` (`id`, `naziv`) VALUES ('82', 'Nizozemska');
INSERT INTO `scores`.`zemlja` (`id`, `naziv`) VALUES ('83', 'Norveška');
INSERT INTO `scores`.`zemlja` (`id`, `naziv`) VALUES ('84', 'Novi Zeland');
INSERT INTO `scores`.`zemlja` (`id`, `naziv`) VALUES ('85', 'Nemačka');
INSERT INTO `scores`.`zemlja` (`id`, `naziv`) VALUES ('86', 'Obala Slonovače');
INSERT INTO `scores`.`zemlja` (`id`, `naziv`) VALUES ('87', 'Oman');
INSERT INTO `scores`.`zemlja` (`id`, `naziv`) VALUES ('88', 'Panama');
INSERT INTO `scores`.`zemlja` (`id`, `naziv`) VALUES ('89', 'Paragvaj');
INSERT INTO `scores`.`zemlja` (`id`, `naziv`) VALUES ('90', 'Peru');
INSERT INTO `scores`.`zemlja` (`id`, `naziv`) VALUES ('91', 'Poljska');
INSERT INTO `scores`.`zemlja` (`id`, `naziv`) VALUES ('92', 'Portugal');
INSERT INTO `scores`.`zemlja` (`id`, `naziv`) VALUES ('93', 'Rumunija');
INSERT INTO `scores`.`zemlja` (`id`, `naziv`) VALUES ('94', 'Rusija');
INSERT INTO `scores`.`zemlja` (`id`, `naziv`) VALUES ('95', 'SAD');
INSERT INTO `scores`.`zemlja` (`id`, `naziv`) VALUES ('96', 'San Marino');
INSERT INTO `scores`.`zemlja` (`id`, `naziv`) VALUES ('97', 'Saudijska Arabija');
INSERT INTO `scores`.`zemlja` (`id`, `naziv`) VALUES ('98', 'Senegal');
INSERT INTO `scores`.`zemlja` (`id`, `naziv`) VALUES ('99', 'Singapur');
INSERT INTO `scores`.`zemlja` (`id`, `naziv`) VALUES ('100', 'Sirija');
INSERT INTO `scores`.`zemlja` (`id`, `naziv`) VALUES ('101', 'Severna Irska');
INSERT INTO `scores`.`zemlja` (`id`, `naziv`) VALUES ('102', 'Severna Makedonija');
INSERT INTO `scores`.`zemlja` (`id`, `naziv`) VALUES ('103', 'Slovačka');
INSERT INTO `scores`.`zemlja` (`id`, `naziv`) VALUES ('104', 'Slovenija');
INSERT INTO `scores`.`zemlja` (`id`, `naziv`) VALUES ('105', 'Srbija');
INSERT INTO `scores`.`zemlja` (`id`, `naziv`) VALUES ('106', 'Sudan');
INSERT INTO `scores`.`zemlja` (`id`, `naziv`) VALUES ('107', 'Škotska');
INSERT INTO `scores`.`zemlja` (`id`, `naziv`) VALUES ('108', 'Španija');
INSERT INTO `scores`.`zemlja` (`id`, `naziv`) VALUES ('109', 'Švedska');
INSERT INTO `scores`.`zemlja` (`id`, `naziv`) VALUES ('110', 'Švajcarska');
INSERT INTO `scores`.`zemlja` (`id`, `naziv`) VALUES ('111', 'Tajland');
INSERT INTO `scores`.`zemlja` (`id`, `naziv`) VALUES ('112', 'Tajvan');
INSERT INTO `scores`.`zemlja` (`id`, `naziv`) VALUES ('113', 'Tanzanija');
INSERT INTO `scores`.`zemlja` (`id`, `naziv`) VALUES ('114', 'Tunis');
INSERT INTO `scores`.`zemlja` (`id`, `naziv`) VALUES ('115', 'Turska');
INSERT INTO `scores`.`zemlja` (`id`, `naziv`) VALUES ('116', 'Uganda');
INSERT INTO `scores`.`zemlja` (`id`, `naziv`) VALUES ('117', 'UAE');
INSERT INTO `scores`.`zemlja` (`id`, `naziv`) VALUES ('118', 'Ukrajina');
INSERT INTO `scores`.`zemlja` (`id`, `naziv`) VALUES ('119', 'Urugvaj');
INSERT INTO `scores`.`zemlja` (`id`, `naziv`) VALUES ('120', 'Venecuela');
INSERT INTO `scores`.`zemlja` (`id`, `naziv`) VALUES ('121', 'Vijetnam');
INSERT INTO `scores`.`zemlja` (`id`, `naziv`) VALUES ('122', 'Vels');
INSERT INTO `scores`.`zemlja` (`id`, `naziv`) VALUES ('123', 'Zambija');
INSERT INTO `scores`.`zemlja` (`id`, `naziv`) VALUES ('124', 'Zimbabve');

/*TRENERI*/
INSERT INTO `scores`.`trener` (`id`, `godinja_rodjenja`, `ime`, `prezime`, `sport_id`, `zemlja_id`) VALUES ('1', '1998-01-19', 'Igor', 'Males', '1', '105');
INSERT INTO `scores`.`trener` (`id`, `godinja_rodjenja`, `ime`, `prezime`, `sport_id`, `zemlja_id`) VALUES ('2', '1997-03-15', 'Petar', 'Curc', '1', '105');

/*FK*/
INSERT INTO `scores`.`fudblaski_klub` (`id`, `naziv`, `trener_id`, `zemlja_id`) VALUES ('1', 'Indjija', '1', '105');
INSERT INTO `scores`.`fudblaski_klub` (`id`, `naziv`, `trener_id`, `zemlja_id`) VALUES ('2', 'Curug', '2', '105');

/*FUDBALSKI_REZULTAT*/
INSERT INTO `scores`.`fudbalski_rezultat` (`id`, `vreme_odrzavanja_utakmice`, `domacin_id`, `gost_id`) VALUES ('1', '2020-08-18 22:00:00.000000', '1', '2');

