Div,Date,HomeTeam,AwayTeam,FTHG,FTAG,FTR,HTHG,HTAG,HTR,HS,AS,HST,AST,HF,AF,HC,AC,HY,AY,HR,AR,B365H,B365D,B365A,BWH,BWD,BWA,IWH,IWD,IWA,LBH,LBD,LBA,PSH,PSD,PSA,WHH,WHD,WHA,VCH,VCD,VCA,Bb1X2,BbMxH,BbAvH,BbMxD,BbAvD,BbMxA,BbAvA,BbOU,BbMx>2.5,BbAv>2.5,BbMx<2.5,BbAv<2.5,BbAH,BbAHh,BbMxAHH,BbAvAHH,BbMxAHA,BbAvAHA,PSCH,PSCD,PSCA
SP1,17/08/2017,30,21,1,0,H,1,0,H,16,6,9,3,14,2018,4,2,0,1,0,0,2.05,3.2,4.1,2.05,3.1,4.1,2.1,3.4,3.5,2.05,3,4.2,2.03,3.25,4.52,2.05,3.1,4,2.05,3.2,4.4,35,2.12,2.03,3.4,3.15,4.52,4.2017,31,2.84,2.68,1.53,1.46,2018,-0.5,2.07,2.03,1.9,1.86,1.98,3.35,4.63
SP1,17/08/2017,37,107,1,0,H,1,0,H,22,5,6,4,25,13,5,2,3,3,0,1,1.75,3.8,4.5,1.75,3.9,4.6,1.75,3.6,4.8,1.75,3.8,4.33,1.78,4.01,4.83,1.8,3.75,4.2,1.8,4,4.6,35,1.83,1.77,4.04,3.86,4.83,4.46,33,1.69,1.64,2.4,2.27,16,-0.75,2.05,1.97,1.96,1.91,1.78,4.24,4.43
SP1,19/08/2017,25,35,2,3,A,1,1,D,16,13,5,6,12,11,5,4,3,1,0,0,2.38,3.25,3.2,2.4,3.3,3,2.5,3.3,2.85,2.35,3.25,3,2.44,3.4,3.16,2.4,3.4,2.9,2.4,3.4,3.13,35,2.5,2.39,3.5,3.32,3.2,3.01,34,2.03,1.98,1.9,1.84,2018,-0.25,2.08,2.05,1.87,1.83,2.12,3.53,3.74
SP1,19/08/2017,104,40,2,2,D,2,0,H,13,9,6,3,15,15,6,0,2,4,0,1,8,4.33,1.45,7.5,4.33,1.45,7.2,4.4,1.45,7.5,4,1.5,8.36,4.38,1.49,8,4.2,1.44,7.5,4.3,1.5,35,8.36,7.53,4.4,4.2017,1.51,1.48,34,2.2,2.11,1.8,1.74,16,1.25,1.77,1.75,2.25,2.16,6.93,3.83,1.63
SP1,19/08/2017,36,27,1,1,D,1,1,D,9,9,4,6,14,12,7,3,2,4,1,0,1.62,4,5.5,1.62,3.9,5.75,1.55,4,6.2,1.6,3.9,5.5,1.62,4.2017,6.2018,1.67,3.6,5.5,1.65,4,5.75,35,1.69,1.63,4.2017,3.93,6.2,5.58,33,1.81,1.75,2.14,2.09,16,-1,2.12,2.06,1.86,1.82,1.64,4.2018,5.82
SP1,20/08/2017,22,28,0,0,D,0,0,D,12,8,2,2,16,15,7,6,1,3,0,1,1.5,4,7.5,1.48,4.25,7,1.5,4.2,6.5,1.5,4,7,1.53,4.37,7.31,1.5,4,7,1.5,4.2,7,34,1.53,1.5,4.4,4.2017,7.5,6.94,32,2.01,1.94,1.96,1.87,2017,-1,1.9,1.86,2.05,2.01,1.53,4.48,6.91
SP1,20/08/2017,23,24,2,0,H,2,0,H,15,3,2,0,16,15,8,0,2,1,0,0,1.2017,8,15,1.2018,7.5,14.5,1.2017,7.5,15,1.2,6.5,15,1.22,7.35,15.5,1.22,6,13,1.2,7,13,35,1.22,1.19,8,7.11,2017,13.85,27,1.44,1.4,3.1,2.88,2017,-2,2.05,2,1.91,1.86,1.2,8.25,15.2
SP1,20/08/2017,108,34,0,3,A,0,2,A,12,16,6,8,16,12,4,4,5,1,0,1,9.5,5.75,1.3,9.25,5.75,1.3,7.5,5.5,1.35,9.5,5.25,1.3,10.26,5.79,1.33,11,4.5,1.33,9.5,5.75,1.3,35,11.45,9.68,5.86,5.44,1.35,1.31,27,1.5,1.46,2.95,2.64,16,1.5,2.03,1.98,1.95,1.89,12.4,7,1.26
SP1,21/08/2017,31,39,1,0,H,0,0,D,14,9,3,1,2018,14,11,6,1,3,0,0,3.25,3.25,2.3,3.25,3.2,2.3,3.3,3.35,2.2,3.25,3.1,2.3,3.36,3.24,2.36,3.1,3.1,2.4,3.25,3.25,2.3,34,3.5,3.26,3.35,3.2017,2.4,2.31,32,2.42,2.36,1.63,1.58,15,0.25,1.93,1.89,2.03,1.98,3.31,3.32,2.4
SP1,21/08/2017,109,26,0,1,A,0,0,D,10,13,4,6,16,15,3,7,2,3,0,0,2.1,3.3,3.7,2.15,3.3,3.5,2.1,3.4,3.5,2.1,3.1,3.4,2.24,3.36,3.49,2.2,3.3,3.3,2.15,3.3,3.5,34,2.28,2.2018,3.4,3.26,3.7,3.43,32,2.25,2.14,1.76,1.7,2017,-0.25,1.92,1.88,2.04,1.99,2.2,3.27,3.85
SP1,25/08/2017,24,25,2,1,H,1,1,D,10,9,3,2,13,9,4,6,2,2,0,0,2.2,3.4,3.4,2.25,3.3,3.3,2.4,3.3,2.95,2.2,3.25,3.1,2.28,3.56,3.32,2.2,3.25,3.3,2.3,3.5,3.25,33,2.4,2.25,3.56,3.37,3.4,3.25,32,2.05,1.97,1.93,1.85,16,-0.25,2.05,1.96,1.96,1.93,2.32,3.44,3.35
SP1,25/08/2017,35,39,3,0,H,3,0,H,15,6,9,1,12,22,10,4,2,2,0,0,2.05,3.4,3.75,2.1,3.3,3.7,2.2,3.35,3.3,2.05,3.2,3.5,2.11,3.46,3.87,2.1,3.3,3.6,2.15,3.4,3.75,33,2.2,2.09,3.46,3.37,3.87,3.67,33,2.13,2.07,1.84,1.76,16,-0.25,1.83,1.8,2.14,2.1,2.04,3.59,3.98
SP1,26/08/2017,21,23,0,2,A,0,0,D,11,23,2,11,12,10,1,14,2,3,0,0,10,5.75,1.29,10,5.5,1.3,8,5.5,1.33,10,5.25,1.3,10.55,5.8,1.33,11,5,1.3,11.5,5.75,1.3,34,12,10.19,6,5.56,1.34,1.3,31,1.63,1.57,2.45,2.38,14,1.5,2.05,2,1.92,1.89,10.13,5.83,1.33
SP1,26/08/2017,104,109,1,0,H,1,0,H,15,7,4,2,11,15,2,3,3,4,0,0,2.15,3.25,3.6,2.15,3.2,3.7,2.2,3.35,3.3,2.15,3.2,3.6,2.19,3.37,3.75,2.2,3.3,3.3,2.15,3.3,3.75,33,2.23,2.16,3.39,3.25,3.75,3.59,32,2.3,2.2,1.72,1.67,14,-0.25,1.88,1.85,2.08,2.03,2.01,3.42,4.33
SP1,26/08/2017,107,40,1,5,A,0,2,A,10,8,4,6,10,9,4,2,4,1,0,0,4.75,3.75,1.75,4.75,3.7,1.75,4.8,3.6,1.75,4.8,3.5,1.75,5.14,3.73,1.79,4.5,3.6,1.8,4.8,3.75,1.8,34,5.14,4.76,3.8,3.65,1.84,1.77,33,2.2,2.09,1.8,1.74,14,0.75,1.89,1.86,2.08,2.02,5.31,3.75,1.77
SP1,26/08/2017,31,108,2,2,D,1,2,A,24,11,5,4,11,12,6,5,0,2,1,0,2.2,3.1,3.6,2.2,3.25,3.5,2.2,3.35,3.3,2.2,3.1,3.5,2.23,3.31,3.71,2.25,3.2,3.3,2.2,3.25,3.7,33,2.26,2.2,3.35,3.2,3.75,3.53,32,2.46,2.31,1.66,1.61,14,-0.25,1.93,1.89,2.04,1.99,2.19,3.4,3.71
SP1,27/08/2017,26,22,0,1,A,0,1,A,14,10,5,4,14,11,4,3,1,1,1,0,2.5,3.1,3.1,2.5,3.2,2.95,2.7,3.3,2.6,2.55,3.1,2.87,2.57,3.26,3.08,2.62,3.1,2.8,2.55,3.2,2.9,34,2.7,2.55,3.3,3.2018,3.1,2.9,34,2.32,2.2,1.72,1.67,14,-0.25,2.2,2.2017,1.78,1.74,2.52,3.21,3.2
SP1,27/08/2017,27,30,0,1,A,0,1,A,2017,12,2,8,10,14,9,1,3,3,0,0,1.95,3.25,4.33,1.91,3.25,4.6,2,3.4,3.8,1.95,3.1,4.2,2,3.37,4.49,1.95,3.1,4.5,1.93,3.3,4.4,34,2.03,1.96,3.4,3.25,4.6,4.33,32,2.63,2.49,1.58,1.53,14,-0.5,2,1.96,1.97,1.93,2.05,3.24,4.47
SP1,27/08/2017,28,36,0,1,A,0,0,D,15,6,3,3,20,10,7,5,0,1,0,0,3.6,3.3,2.15,3.6,3.4,2.1,3.3,3.35,2.2,3.4,3.4,2.1,3.61,3.58,2.16,3.4,3.4,2.1,3.4,3.5,2.15,33,3.62,3.47,3.59,3.42,2.2,2.13,32,1.95,1.87,2.04,1.93,14,0.25,2.06,2.03,1.9,1.86,3.58,3.5,2.2
SP1,27/08/2017,34,37,2,2,D,1,1,D,22,7,6,3,12,12,13,4,3,5,0,0,1.2017,8,15,1.15,8.25,16,1.2017,7.5,15,1.2018,7.5,15,1.16,10,2017,1.2017,8,13,1.2018,8,13,34,1.2,1.2017,10,8.29,2017,14.23,27,1.26,1.22,4.6,4.2,14,-2.25,2.06,2.02,1.9,1.87,1.15,10.55,2017.7
SP1,08/09/2017,30,28,1,2,A,0,1,A,11,11,7,3,14,20,2,4,1,2,0,0,2.05,3.25,4,2.05,3.2,4,2,3.4,3.8,2.05,3.1,3.9,2.11,3.28,4.15,2.1,3.1,3.8,2.05,3.3,4,34,2.14,2.07,3.4,3.2,4.2017,3.95,30,2.5,2.41,1.59,1.56,15,-0.5,2.14,2.09,1.84,1.81,2.13,3.22,4.2017
SP1,09/09/2017,23,27,5,0,H,2,0,H,20,9,9,1,11,2018,8,7,1,5,0,0,1.2017,8,2017,1.2017,7.25,2018,1.2017,7.5,15,1.2017,7.5,19,1.2018,8.79,2017.82,1.2017,7.5,15,1.2017,8,19,34,1.2018,1.2017,8.82,7.74,19,16.05,25,1.38,1.34,3.4,3.19,14,-2,1.83,1.78,2.2017,2.11,1.13,10.4,23.13
SP1,09/09/2017,34,31,1,1,D,1,1,D,2018,5,10,2,9,16,13,3,2,3,1,0,1.05,15,34,1.07,12,31,1.1,9,27,1.08,12,34,1.08,15,36.5,1.06,13,23,1.06,15,36,34,1.1,1.07,16.67,12.92,41,29.97,25,1.2,1.2017,5.25,4.86,15,-3,2.07,2.01,1.9,1.86,1.11,12.6,23.75
SP1,09/09/2017,36,26,3,0,H,0,0,D,12,7,6,2,14,2018,6,5,1,1,0,0,1.57,4,6,1.57,4,6,1.6,3.9,5.7,1.6,4,5.25,1.61,4.27,6.08,1.6,4,5.5,1.6,4.2,5.75,34,1.64,1.6,4.27,4.06,6.08,5.64,32,1.74,1.69,2.28,2.16,14,-1,2.08,2.04,1.88,1.85,1.57,4.46,6.28
SP1,09/09/2017,37,40,0,0,D,0,0,D,11,13,0,4,16,14,4,3,1,0,0,0,3.6,3.2,2.2,3.4,3.4,2.15,3.3,3.35,2.2,3.4,3.2,2.2,3.56,3.38,2.26,3.5,3.25,2.15,3.5,3.5,2.2,33,3.6,3.45,3.5,3.29,2.26,2.19,32,2.19,2.11,1.77,1.73,15,0.25,2.03,1.99,1.93,1.89,3.21,3.23,2.5
SP1,10/09/2017,22,104,2,0,H,1,0,H,7,11,4,7,19,2018,6,4,4,6,0,0,1.67,3.75,5.5,1.67,3.8,5.25,1.75,3.6,4.8,1.67,3.7,5.25,1.68,3.99,5.63,1.67,3.8,5,1.7,3.9,5.4,34,1.75,1.68,4.09,3.81,5.63,5.2018,33,2,1.95,1.93,1.86,14,-0.75,1.92,1.88,2.03,1.99,1.61,4.04,6.67
SP1,10/09/2017,25,21,1,0,H,1,0,H,20,5,3,3,2017,2017,9,4,4,4,0,0,1.67,3.75,5.25,1.75,3.6,5,1.8,3.6,4.5,1.73,3.6,5,1.74,3.84,5.4,1.75,3.5,5,1.73,3.75,4.8,34,1.8,1.74,3.84,3.65,5.4,4.94,33,2.06,2,1.88,1.81,14,-0.75,1.99,1.95,1.95,1.92,1.68,3.91,5.87
SP1,10/09/2017,108,35,2,4,A,1,2,A,11,15,4,4,2018,14,5,7,1,3,0,0,2.75,3.3,2.6,2.75,3.3,2.6,2.7,3.3,2.6,2.7,3.25,2.55,2.85,3.46,2.63,2.8,3.3,2.5,2.8,3.4,2.63,34,2.85,2.76,3.47,3.33,2.65,2.58,33,2.04,1.96,1.92,1.86,15,0,2.03,1.99,1.91,1.88,3.12,3.55,2.39
SP1,10/09/2017,39,24,3,1,H,1,1,D,14,8,7,3,9,9,4,3,3,0,0,0,1.85,3.6,4.33,1.87,3.5,4.4,1.8,3.6,4.5,1.85,3.4,4.25,1.9,3.62,4.62,1.91,3.4,4.2,1.85,3.6,4.3,34,1.92,1.88,3.69,3.51,4.62,4.33,33,2.12,2.02,1.85,1.8,14,-0.5,1.92,1.88,2.04,2.01,1.97,3.62,4.25
SP1,11/09/2017,109,107,1,3,A,0,1,A,14,10,6,8,22,11,3,2,4,2,0,0,2,3.5,3.8,2,3.5,3.8,1.9,3.5,4.1,2,3.4,3.6,2.06,3.67,3.83,2,3.5,3.6,2,3.6,3.6,32,2.08,2,3.67,3.52,4.1,3.7,31,1.95,1.88,2,1.93,12,-0.5,2.07,2.04,1.87,1.86,2.03,3.59,4.02
SP1,15/09/2017,26,30,1,0,H,0,0,D,10,5,4,2,15,20,8,1,2,5,0,0,2.05,3.25,4,2.05,3.2,4,2.1,3.4,3.5,2.05,3.1,3.8,2.13,3.3,4.04,2.1,3.1,3.8,2.15,3.25,3.9,37,2.16,2.09,3.4,3.2,4.3,3.86,33,2.55,2.42,1.59,1.55,16,-0.25,1.83,1.79,2.14,2.09,2.07,3.41,4.1
SP1,16/09/2017,40,109,1,0,H,0,0,D,2017,9,4,4,9,15,8,4,2,2,0,0,1.22,6,15,1.22,6.25,14,1.3,5.8,9,1.22,5.75,13,1.24,6.4,16,1.22,6,13,1.22,6.5,2017,37,1.3,1.23,6.78,6.11,2017,14.28,35,1.79,1.73,2.19,2.1,15,-1.75,1.97,1.92,1.99,1.94,1.22,6.95,2017.53
SP1,16/09/2017,24,108,2,1,H,1,1,D,2017,11,7,3,13,19,6,4,2,3,0,0,1.83,3.6,4.5,1.85,3.6,4.4,1.85,3.5,4.3,1.85,3.5,4.2,1.88,3.72,4.55,1.85,3.4,4.33,1.87,3.75,4.4,37,1.92,1.87,3.77,3.57,4.6,4.28,36,1.92,1.87,2.01,1.93,14,-0.75,2.2017,2.13,1.79,1.76,1.82,3.88,4.73
SP1,16/09/2017,28,23,1,2,A,1,0,H,13,7,4,5,15,14,3,4,2,4,0,0,11,6.5,1.25,12.5,6.5,1.22,9,5.8,1.3,12,6,1.25,13.5,6.85,1.25,12,6.5,1.22,12,6.5,1.25,37,13.5,11.38,7.15,6.39,1.3,1.24,29,1.43,1.39,3.05,2.93,16,1.75,2.01,1.98,1.94,1.89,11.67,6.78,1.27
SP1,16/09/2017,31,37,1,1,D,1,1,D,9,13,2,5,21,11,1,3,2,1,0,0,3.25,3.25,2.3,3.1,3.25,2.4,3.15,3.3,2.3,3.1,3.25,2.3,3.15,3.35,2.47,3.1,3.1,2.4,3.2,3.3,2.4,37,3.25,3.11,3.45,3.27,2.47,2.37,36,2.13,2.04,1.84,1.78,16,0.25,1.88,1.84,2.1,2.03,3.27,3.41,2.38
SP1,17/09/2017,21,39,0,3,A,0,1,A,16,16,2,6,12,25,2,3,2,2,0,0,3.1,3.1,2.4,3.1,3.2,2.4,2.65,3.3,2.65,3.1,3,2.4,3.31,3.27,2.42,3.1,3.1,2.4,3.25,3.25,2.4,37,3.31,3.13,3.3,3.16,2.65,2.41,35,2.44,2.35,1.63,1.59,15,0.25,1.87,1.84,2.06,2.03,3.12,3.28,2.53
SP1,17/09/2017,104,36,0,1,A,0,0,D,13,13,0,8,14,19,8,1,2,5,0,0,3.3,3.25,2.3,3.2,3.4,2.25,3.25,3.4,2.2,3,3.4,2.3,3.28,3.52,2.32,3.2,3.2,2.3,3.13,3.5,2.38,37,3.3,3.15,3.52,3.37,2.38,2.29,36,1.92,1.85,2.03,1.96,15,0.25,1.92,1.88,2.04,1.99,3.05,3.48,2.47
SP1,17/09/2017,107,22,1,0,H,0,0,D,12,11,3,5,12,19,7,6,2,3,0,0,2.75,3.4,2.55,2.75,3.3,2.6,2.95,3.3,2.4,2.75,3.3,2.5,2.87,3.48,2.6,2.8,3.1,2.62,2.7,3.4,2.55,37,2.95,2.76,3.48,3.33,2.64,2.56,36,2,1.92,1.98,1.88,16,0,2.04,1.99,1.92,1.87,2.66,3.42,2.83
SP1,17/09/2017,35,34,1,3,A,1,2,A,10,2018,5,6,12,15,4,6,3,2,0,0,5,4,1.67,4.75,4.2,1.67,5,4,1.65,4.6,4.2,1.67,4.99,4.36,1.69,4.8,4,1.67,4.6,4.33,1.67,37,5,4.72,4.44,4.2018,1.71,1.67,28,1.5,1.45,2.8,2.7,15,0.75,2.06,2.03,1.87,1.85,5.06,4.79,1.63
SP1,18/09/2017,27,25,2,1,H,2,0,H,9,11,3,1,12,14,3,5,1,4,0,0,2.3,3.3,3.2,2.3,3.2,3.3,2.3,3.3,3.15,2.35,3.2,3.1,2.4,3.39,3.24,2.3,3.2,3.2,2.3,3.4,3.13,36,2.4,2.33,3.4,3.29,3.3,3.14,34,2.13,2.06,1.83,1.75,15,-0.25,2.05,2.01,1.91,1.86,2.62,3.38,2.92
SP1,19/09/2017,23,26,6,1,H,2,0,H,11,13,10,4,4,9,7,7,0,2,0,0,1.11,10,15,1.12,10,2017.5,1.1,9,27,1.11,9.5,26,1.12,11.63,22.74,1.12,8,21,1.1,11,29,34,1.13,1.11,12.5,9.97,29,21.12,29,1.27,1.24,4.33,3.95,15,-2.5,1.91,1.88,2.04,2,1.14,10.39,20.98
SP1,19/09/2017,37,109,5,0,H,1,0,H,16,11,11,2,9,10,4,9,0,1,0,0,1.5,4,7,1.53,4.2,6.5,1.6,4,5.5,1.53,4,6.5,1.56,4.38,6.67,1.53,4,6.5,1.53,4.3,6.5,34,1.6,1.54,4.4,4.15,7,6.27,35,1.87,1.81,2.07,2.01,16,-1,1.95,1.91,2,1.96,1.5,4.78,6.99
SP1,20/09/2017,22,40,1,2,A,0,0,D,12,16,7,9,12,12,6,0,0,2,0,0,3.4,3.2,2.25,3.4,3.25,2.25,3.15,3.3,2.3,3.4,3.1,2.25,3.55,3.23,2.33,3.3,3.2,2.25,3.5,3.25,2.3,36,3.56,3.39,3.3,3.19,2.33,2.26,32,2.5,2.39,1.62,1.57,15,0.25,1.95,1.92,1.99,1.95,3.87,3.37,2.15
SP1,20/09/2017,108,21,1,0,H,1,0,H,15,8,3,3,16,19,5,2,0,2,0,0,1.91,3.3,4.5,1.91,3.4,4.33,1.9,3.5,4.1,1.87,3.3,4.33,1.92,3.53,4.64,1.91,3.3,4.2,1.9,3.5,4.6,35,1.95,1.89,3.56,3.43,4.64,4.32,33,2.3,2.2,1.72,1.67,14,-0.5,1.92,1.89,2.03,2,1.75,3.89,5.2
SP1,20/09/2017,30,104,0,0,D,0,0,D,12,10,1,0,19,20,6,3,2,3,0,0,2.15,3.2,3.7,2.2,3.25,3.5,2.2,3.25,3.4,2.1,3.1,3.75,2.2018,3.21,3.99,2.25,3.2,3.3,2.15,3.25,3.9,36,2.25,2.2017,3.28,3.16,3.99,3.68,32,2.64,2.5,1.57,1.52,16,-0.25,1.89,1.84,2.09,2.04,2.06,3.3,4.32
SP1,20/09/2017,34,24,0,1,A,0,0,D,27,12,7,4,13,11,12,3,0,3,0,0,1.13,10,2017,1.11,10.5,2018,1.1,9,27,1.1,10,26,1.11,13,20,1.12,9,2017,1.1,12,29,36,1.13,1.11,13,10.31,29,20.33,27,1.2,1.2018,5.3,4.72,14,-2.75,1.99,1.95,1.97,1.93,1.09,14,31
SP1,20/09/2017,36,107,1,0,H,0,0,D,14,6,9,0,21,8,12,0,2,2,0,0,1.4,4.75,7.5,1.42,4.75,7.5,1.45,4.4,7.2,1.4,4.75,7.5,1.42,5.06,8.51,1.44,4.5,7,1.44,5,7.5,35,1.45,1.42,5.06,4.81,8.51,7.3,31,1.55,1.5,2.64,2.55,15,-1.25,1.94,1.89,2.03,1.98,1.43,5,8.4
SP1,21/09/2017,25,28,1,1,D,1,0,H,8,10,4,3,9,21,3,2,2,4,0,0,1.8,3.6,4.5,1.78,3.75,4.5,1.75,3.6,4.8,1.75,3.6,4.6,1.76,3.85,5.03,1.75,3.75,4.5,1.75,3.8,4.6,34,1.85,1.78,3.85,3.68,5.03,4.55,33,1.96,1.86,2,1.94,13,-0.5,1.81,1.77,2.2017,2.13,1.9,3.56,4.69
SP1,21/09/2017,31,35,3,0,H,1,0,H,13,13,9,3,13,11,3,6,2,0,0,1,3.25,3.25,2.3,3.1,3.25,2.4,2.95,3.3,2.4,3,3.3,2.35,3.11,3.54,2.4,2.9,3.3,2.4,2.9,3.5,2.38,35,3.25,3,3.54,3.35,2.4,2.36,34,1.96,1.87,2.01,1.93,14,0.25,1.88,1.84,2.09,2.03,2.85,3.5,2.61
SP1,21/09/2017,39,27,0,0,D,0,0,D,14,10,5,3,2017,10,5,5,5,2,0,0,1.73,3.5,5.5,1.75,3.6,5,1.7,3.7,5,1.75,3.5,4.8,1.76,3.84,5.23,1.73,3.5,5,1.73,3.75,4.8,35,1.79,1.74,3.84,3.61,5.5,4.92,34,2.1,2.02,1.85,1.79,14,-0.75,2.02,1.97,1.93,1.9,1.7,3.81,5.84
SP1,23/09/2017,21,34,1,2,A,1,2,A,8,21,3,7,19,19,5,13,5,2,0,0,2017,7.5,1.2017,14.5,7.5,1.2018,13,7,1.2,19,7.5,1.2017,19.65,8.4,1.2018,2017,7,1.2017,11.5,7.5,1.2018,39,19.65,16.3,8.5,7.59,1.21,1.2017,31,1.38,1.34,3.42,3.2,2018,2,2.2,2.13,1.8,1.75,2018.7,8.5,1.2018
SP1,23/09/2017,40,36,2,0,H,0,0,D,13,11,4,0,11,2017,7,6,4,3,0,0,1.57,4,6.5,1.55,4,6.5,1.65,4,5,1.6,3.9,5.75,1.57,4.23,6.81,1.62,3.8,5.5,1.62,4.1,6,39,1.65,1.58,4.23,3.99,6.81,5.93,37,1.88,1.81,2.09,2,2018,-0.75,1.79,1.75,2.24,2.15,1.67,3.74,6.52
SP1,23/09/2017,104,23,0,3,A,0,1,A,13,9,2,5,21,5,9,3,3,0,0,0,12,6,1.25,12.5,6.5,1.22,15,6.5,1.2,12,6,1.25,12.7,6.65,1.26,12,5.5,1.25,12,6.5,1.25,39,15,11.56,6.75,6.07,1.3,1.25,31,1.47,1.42,3,2.78,2017,2,1.75,1.7,2.3,2.2,13.64,7.06,1.24
SP1,23/09/2017,109,22,3,3,D,1,1,D,15,8,7,7,16,8,5,1,7,2,1,0,2.9,3.3,2.4,2.95,3.25,2.45,3.3,3.35,2.2,2.9,3.1,2.5,2.99,3.32,2.61,2.9,3.2,2.5,3,3.3,2.55,39,3.3,2.93,3.35,3.23,2.61,2.47,37,2.26,2.16,1.73,1.69,2017,0.25,1.78,1.74,2.22,2.15,3.49,3.27,2.33
SP1,24/09/2017,26,25,0,4,A,0,3,A,9,10,0,6,14,5,4,4,2,1,0,0,2.2,3.3,3.4,2.25,3.3,3.3,2.3,3.3,3.15,2.25,3.25,3.2,2.27,3.46,3.44,2.2,3.3,3.3,2.25,3.4,3.25,39,2.31,2.24,3.46,3.33,3.55,3.28,37,2.07,2.01,1.9,1.81,2018,-0.25,1.98,1.94,1.97,1.93,2.29,3.48,3.37
SP1,24/09/2017,27,108,4,1,H,2,0,H,2017,21,5,6,16,7,4,6,1,2,0,0,1.95,3.5,4,1.95,3.5,3.9,2,3.4,3.8,1.91,3.4,4,1.95,3.61,4.34,2,3.4,3.8,2,3.5,4.1,39,2.01,1.95,3.61,3.48,4.34,3.97,37,2.05,1.98,1.91,1.83,2017,-0.5,2,1.95,1.98,1.93,1.94,3.65,4.33
SP1,24/09/2017,28,39,4,0,H,0,0,D,2017,6,8,1,11,16,7,4,1,4,0,0,2.88,3.1,2.63,2.85,3.2,2.6,2.95,3.3,2.4,2.8,3.1,2.6,2.98,3.22,2.67,2.8,3.1,2.62,2.9,3.2,2.63,39,2.98,2.84,3.3,3.16,2.68,2.6,37,2.3,2.2,1.73,1.67,2017,0,2.07,2.01,1.9,1.85,2.55,3.2,3.2018
SP1,24/09/2017,107,30,0,2,A,0,0,D,8,9,3,3,10,15,3,2,1,3,0,0,2.05,3.25,3.8,2.1,3.25,3.7,2,3.4,3.8,2.05,3.2,3.75,2.11,3.35,4.03,2.1,3.2,3.75,2.1,3.3,3.75,38,2.15,2.08,3.4,3.28,4.05,3.74,36,2.3,2.2,1.73,1.67,2018,-0.25,1.83,1.79,2.16,2.09,2.53,3.11,3.3
SP1,24/09/2017,35,37,2,3,A,1,1,D,2018,13,6,4,11,13,7,6,3,7,1,1,2.3,3.4,3.1,2.2,3.6,3.1,2.2,3.4,3.25,2.2,3.5,3,2.28,3.62,3.27,2.25,3.5,3,2.25,3.7,3,38,2.33,2.25,3.7,3.54,3.3,3.07,35,1.71,1.66,2.31,2.22,2018,-0.25,2.01,1.96,1.96,1.92,2.54,3.63,2.85
SP1,25/09/2017,24,31,4,0,H,0,0,D,14,8,6,1,9,5,6,3,1,0,0,0,1.85,3.5,4.5,1.8,3.5,4.75,1.9,3.5,4.1,1.8,3.4,4.6,1.81,3.6,5.23,1.8,3.6,4.4,1.8,3.6,4.6,37,1.9,1.81,3.6,3.52,5.23,4.62,34,2.14,2.05,1.85,1.76,14,-0.75,2.11,2.06,1.85,1.81,1.86,3.69,4.71
SP1,29/09/2017,25,104,3,3,D,2,2,D,16,10,9,6,9,2017,5,6,2,5,0,0,1.67,3.6,5.75,1.72,3.6,5.25,1.65,3.8,5.3,1.73,3.6,5,1.74,3.77,5.42,1.73,3.6,5,1.75,3.75,5.25,38,1.76,1.72,3.8,3.68,5.75,5.06,35,2.05,2,1.86,1.81,2017,-0.75,1.99,1.94,1.98,1.93,1.78,3.79,5.15
SP1,30/09/2017,108,28,2,1,H,0,0,D,15,10,9,3,16,22,8,5,6,3,0,0,2.25,3.25,3.4,2.15,3.3,3.3,2.3,3.3,3.15,2.2,3.3,3.25,2.26,3.47,3.45,2.25,3.3,3.2,2.3,3.4,3.3,39,2.3,2.23,3.47,3.32,3.45,3.29,35,2.04,1.97,1.89,1.84,16,-0.25,1.96,1.92,1.98,1.95,2.49,3.43,3.06
SP1,30/09/2017,30,40,0,0,D,0,0,D,7,11,3,2,13,13,2,6,2,1,0,0,7.5,3.75,1.55,7.25,3.6,1.53,6.5,4.2,1.5,7,3.5,1.6,7.11,3.75,1.63,7,3.4,1.6,7,3.7,1.57,39,7.5,6.85,4.2,3.63,1.63,1.58,34,2.63,2.49,1.56,1.52,2017,1,1.81,1.77,2.2018,2.12,6.48,3.58,1.7
SP1,30/09/2017,31,21,0,2,A,0,1,A,13,8,0,3,11,2018,8,4,2,4,0,0,1.83,3.5,4.5,1.72,3.6,4.75,1.75,3.6,4.8,1.85,3.3,4.4,1.91,3.56,4.65,1.75,3.6,4.8,1.83,3.5,4.5,39,1.91,1.83,3.75,3.48,5,4.52,34,2.25,2.15,1.74,1.69,15,-0.75,2.2,2.12,1.81,1.76,1.89,3.48,4.89
SP1,30/09/2017,36,109,2,0,H,0,0,D,12,11,5,4,11,12,4,6,2,1,0,0,1.36,5.5,7.5,1.33,4.75,9.25,1.35,5.3,8,1.33,5.2,9.5,1.35,5.7,9.78,1.33,5,9,1.33,5.4,8.5,39,1.37,1.33,5.7,5.2017,10.02,8.92,33,1.59,1.54,2.55,2.42,16,-1.5,2.02,1.97,1.95,1.9,1.45,4.78,8.24
SP1,01/10/2017,23,107,3,0,H,0,0,D,22,10,10,1,10,11,8,3,5,1,0,0,1.08,11,26,1.06,11.5,23,1.07,12,26,1.07,13,34,1.09,14.5,29,1.07,12,23,1.06,15,29,37,1.1,1.07,2017,12.47,41,27.6,30,1.2018,1.14,6.1,5.48,15,-3,1.92,1.88,2.03,1.99,1.09,15.25,26
SP1,01/10/2017,34,27,2,0,H,1,0,H,22,8,8,3,8,10,10,3,2,2,0,0,1.1,10,23,1.09,9.75,20,1.1,9,27,1.1,10,26,1.12,12.5,19.5,1.08,11,21,1.1,11,21,37,1.13,1.1,12.5,10.51,27,21.03,30,1.22,1.19,5.25,4.5,15,-2.75,2.07,2,1.93,1.87,1.13,11.52,20.7
SP1,01/10/2017,35,24,4,4,D,2,2,D,2017,10,6,6,9,2018,12,5,3,3,0,0,1.95,3.6,3.8,1.85,3.6,4,1.9,3.5,4.1,1.95,3.7,3.7,1.95,3.81,4.09,1.95,3.75,3.6,1.93,3.8,3.75,38,1.99,1.92,3.81,3.67,4.2,3.81,35,1.72,1.67,2.27,2.2,15,-0.75,2.23,2.2018,1.75,1.72,1.88,3.86,4.38
SP1,01/10/2017,37,22,3,2,H,2,0,H,10,16,6,6,2018,16,2,8,3,4,0,0,1.91,3.5,4.2,1.83,3.5,4.25,1.75,3.6,4.8,1.87,3.5,4,1.93,3.74,4.23,1.83,3.6,4.2,1.91,3.6,4,38,1.94,1.88,3.75,3.58,4.8,4.07,35,1.91,1.84,2.06,1.96,15,-0.75,2.22,2.2017,1.76,1.73,1.81,3.65,5.13
SP1,01/10/2017,39,26,3,0,H,1,0,H,12,8,6,1,15,9,6,3,2,1,0,0,1.83,3.6,4.33,1.72,3.6,4.75,1.8,3.6,4.5,1.83,3.5,4.33,1.85,3.71,4.75,1.85,3.5,4.33,1.83,3.6,4.4,38,1.88,1.82,3.75,3.59,5,4.43,35,2.07,1.99,1.9,1.82,15,-0.75,2.13,2.09,1.84,1.79,1.75,3.84,5.35
SP1,13/10/2017,27,31,0,0,D,0,0,D,20,13,6,3,9,13,9,4,2,3,0,0,1.75,3.6,5,1.75,3.6,5,1.9,3.5,4.1,1.75,3.4,4.8,1.79,3.74,5.19,1.75,3.6,4.75,1.8,3.7,5,36,1.9,1.77,3.74,3.59,5.5,4.84,32,2.16,2.09,1.82,1.74,19,-0.75,2.05,2,1.92,1.87,1.71,3.85,5.69
SP1,14/10/2017,21,35,0,2,A,0,0,D,8,13,0,6,11,7,4,9,1,1,0,0,3.5,3.4,2.15,3.4,3.3,2.2,2.95,3.3,2.4,3.3,3.4,2.15,3.52,3.55,2.2,3.3,3.4,2.15,3.5,3.5,2.2,35,3.52,3.37,3.55,3.39,2.4,2.2017,31,1.93,1.84,2.05,1.95,2017,0.25,2.08,2.02,1.91,1.85,,,
SP1,14/10/2017,22,36,1,0,H,1,0,H,15,14,2,6,2018,9,6,6,5,5,0,0,2.5,3.25,2.9,2.5,3.3,2.9,2.5,3.3,2.85,2.4,3.25,2.87,2.54,3.34,3.05,2.45,3.3,2.88,2.5,3.4,3,35,2.57,2.46,3.41,3.3,3.05,2.9,31,2.05,1.93,1.95,1.87,2017,-0.25,2.2017,2.11,1.82,1.77,2.53,3.39,3.03
SP1,14/10/2017,40,23,1,1,D,1,0,H,5,15,4,7,12,10,2,1,3,2,0,0,3,3.4,2.38,2.95,3.4,2.4,2.95,3.3,2.4,2.87,3.3,2.4,2.97,3.54,2.49,2.9,3.4,2.38,3,3.5,2.45,35,3,2.91,3.54,3.36,2.6,2.44,31,1.97,1.89,1.99,1.91,2017,0,2.19,2.11,1.82,1.76,3.19,3.39,2.43
SP1,14/10/2017,28,34,1,2,A,0,1,A,8,16,3,6,23,8,4,7,2,3,0,0,10,5.75,1.29,10.5,6.25,1.26,11,6,1.25,9.5,5.5,1.3,10,6.1,1.32,10,5.5,1.29,10,6,1.3,35,11,9.83,6.5,5.74,1.32,1.29,29,1.45,1.4,3.2,2.86,2018,1.5,2.12,2.04,1.89,1.84,9.55,6.08,1.33
SP1,15/10/2017,24,37,3,6,A,0,2,A,13,13,6,9,11,11,7,5,1,4,0,0,2.55,3.5,2.7,2.6,3.4,2.7,2.65,3.3,2.65,2.5,3.5,2.6,2.67,3.62,2.71,2.5,3.5,2.62,2.55,3.6,2.63,35,2.67,2.55,3.65,3.48,2.75,2.65,28,1.69,1.63,2.33,2.25,2017,0,1.95,1.89,2.03,1.97,2.82,3.61,2.58
SP1,15/10/2017,26,108,0,0,D,0,0,D,15,11,6,3,9,10,10,1,2,2,0,0,2,3.5,3.75,2.05,3.4,3.7,2.1,3.4,3.5,2,3.4,3.7,2.05,3.59,3.93,2,3.4,3.8,2,3.6,3.9,35,2.1,2,3.65,3.49,4.12,3.76,31,1.96,1.88,2,1.91,16,-0.25,1.76,1.71,2.28,2.19,1.91,3.59,4.62
SP1,15/10/2017,104,39,1,2,A,1,2,A,14,5,3,2,12,20,8,1,3,4,0,0,2.8,3.2,2.6,2.75,3.2,2.65,2.65,3.3,2.65,2.8,3.1,2.6,2.89,3.23,2.74,2.75,3.2,2.62,2.88,3.25,2.7,35,2.89,2.78,3.3,3.16,2.78,2.64,31,2.25,2.16,1.74,1.68,2018,0,2.05,1.99,1.92,1.87,2.65,3.48,2.82
SP1,15/10/2017,109,30,0,2,A,0,0,D,13,19,5,9,21,21,4,2,4,3,1,0,2.38,3,3.4,2.25,3.25,3.4,2.4,3.3,2.95,2.3,3,3.25,2.39,3.2018,3.49,2.3,3.2,3.2,2.38,3.13,3.3,35,2.41,2.32,3.3,3.12,3.62,3.3,29,2.63,2.44,1.58,1.53,2018,-0.25,2.05,1.99,1.91,1.87,2.52,3.13,3.29
SP1,16/10/2017,107,25,2,5,A,0,2,A,24,14,11,7,13,12,14,3,2,1,0,1,2.38,3.3,3.1,2.4,3.3,3,2.5,3.3,2.85,2.35,3.4,2.87,2.44,3.47,3.11,2.4,3.5,2.8,2.4,3.4,2.9,33,2.5,2.4,3.5,3.36,3.11,2.92,29,1.86,1.78,2.07,2.01,15,-0.25,2.11,2.06,1.85,1.81,2.69,3.52,2.75
SP1,21/10/2017,23,109,2,0,H,1,0,H,12,13,4,5,10,11,4,3,1,4,0,0,1.07,13,26,1.06,13,34,1.07,12,26,1.06,15,41,1.08,2017.77,26.2017,1.07,11,26,1.08,13,29,35,1.08,1.07,2017.77,13.2017,41,27.68,28,1.2,1.2017,5.3,4.64,2018,-3,1.89,1.85,2.08,2.03,1.07,2017,35
SP1,21/10/2017,24,21,2,0,H,1,0,H,12,7,5,3,2018,9,6,5,2,2,0,0,1.57,4,6,1.57,4.1,5.75,1.65,3.8,5.3,1.57,3.9,5.8,1.6,4.21,6.35,1.57,3.8,6,1.6,4.2,6,35,1.65,1.58,4.31,4.04,6.35,5.82,31,1.91,1.83,2.06,1.98,20,-1,2.06,2.01,1.89,1.85,1.62,4.1,6.32
SP1,21/10/2017,31,28,1,1,D,0,0,D,5,9,1,5,2018,16,3,2,1,3,0,0,2.37,3.2,3.2,2.4,3.25,3.1,2.4,3.3,2.95,2.4,3.1,3.1,2.45,3.19,3.35,2.4,3.1,3.1,2.45,3.2,3.2,36,2.47,2.41,3.3,3.14,3.35,3.13,31,2.46,2.31,1.67,1.61,20,-0.25,2.12,2.07,1.85,1.82,2.68,3.2017,3.02
SP1,21/10/2017,37,36,4,0,H,1,0,H,2018,2018,8,5,15,21,7,10,2,4,0,0,1.85,3.89,4,1.87,3.75,4,1.85,3.5,4.3,1.91,3.7,3.7,1.99,3.86,3.86,1.95,3.5,3.75,1.95,3.8,3.9,36,2,1.93,3.91,3.71,4.3,3.77,32,1.65,1.59,2.45,2.32,2018,-0.5,1.99,1.94,1.99,1.94,2.19,3.84,3.31
SP1,22/10/2017,25,40,0,1,A,0,1,A,19,4,8,2,13,19,4,4,3,5,0,0,4.2,3.39,1.95,4.5,3.4,1.87,4.1,3.5,1.9,4.4,3.3,1.87,4.3,3.53,1.99,4,3.3,1.95,4.3,3.4,2,35,4.6,4.2018,3.53,3.38,2,1.93,30,2.3,2.16,1.76,1.69,2017,0.75,1.74,1.69,2.32,2.22,3.84,3.39,2.15
SP1,22/10/2017,30,22,1,0,H,0,0,D,15,7,4,1,16,15,4,3,3,4,0,0,2.37,3.1,3.29,2.55,3,3.1,2.5,3.3,2.85,2.5,2.9,3.1,2.46,3.15,3.37,2.5,3.1,2.9,2.38,3.1,3.25,35,2.62,2.46,3.3,3.04,3.37,3.13,29,2.75,2.58,1.52,1.48,19,-0.25,2.12,2.07,1.87,1.81,2.71,3.05,3.09
SP1,22/10/2017,34,26,3,0,H,2,0,H,15,9,7,2,9,7,5,2,1,1,0,0,1.09,11,23,1.08,12.5,23,1.1,9,27,1.09,11,34,1.11,13.5,23.85,1.1,10,2017,1.07,13,21,35,1.11,1.09,14.19,10.99,34,23.03,28,1.23,1.21,4.7,4.16,2018,-2.75,1.93,1.9,2.01,1.97,1.11,12,25
SP1,22/10/2017,39,107,4,0,H,0,0,D,25,16,9,5,14,9,9,6,1,5,0,0,1.5,4.2,7,1.53,4.25,6.25,1.55,4,6.2,1.5,4.2,6,1.52,4.6,6.87,1.53,4,6,1.53,4.4,6.5,34,1.55,1.52,4.6,4.26,7,6.26,30,1.73,1.69,2.25,2.15,19,-1,1.9,1.86,2.06,2.01,1.58,4.5,5.99
SP1,23/10/2017,108,104,1,2,A,0,1,A,15,13,6,6,9,16,9,7,3,8,0,0,2.04,3.29,3.79,2,3.3,4,1.9,3.5,4.1,2,3.3,3.7,2.06,3.49,4.03,2.05,3.2,3.75,2,3.5,3.7,33,2.06,2.01,3.5,3.37,4.1,3.76,29,2.08,2,1.86,1.8,2017,-0.25,1.81,1.76,2.2,2.12,2.07,3.64,3.81
SP1,23/10/2017,35,27,1,1,D,0,1,A,19,4,5,1,12,15,10,1,4,4,1,0,1.85,3.79,4,1.78,3.75,4.5,1.8,3.6,4.5,1.83,3.6,4.2,1.86,3.81,4.53,1.83,3.5,4.33,1.8,3.8,4.3,33,1.86,1.82,3.81,3.66,4.72,4.28,29,1.85,1.78,2.12,2.01,16,-0.75,2.13,2.07,1.84,1.8,1.68,4.12,5.48
SP1,28/10/2017,21,37,1,2,A,0,1,A,16,7,6,2,19,2018,6,4,5,1,0,0,6,3.75,1.6,5.25,3.9,1.67,5.7,3.9,1.6,5,3.75,1.67,5.94,4.1,1.65,5.5,3.8,1.62,5.75,4.1,1.65,36,6,5.47,4.1,3.9,1.67,1.63,32,1.92,1.83,2.05,1.97,19,0.75,2.13,2.07,1.85,1.81,5.43,4.15,1.68
SP1,28/10/2017,22,23,0,2,A,0,1,A,2017,2017,5,5,15,12,6,4,1,4,0,0,7,4.5,1.44,6.5,4.6,1.48,6.5,4.2,1.5,6.5,4.5,1.44,7.65,4.89,1.46,7,4.5,1.44,7,5,1.45,36,7.65,6.8,5,4.63,1.5,1.45,32,1.62,1.57,2.48,2.36,2018,1.25,1.93,1.89,2.03,1.99,7.61,5.03,1.45
SP1,28/10/2017,40,39,1,1,D,0,0,D,2018,12,6,4,13,20,11,6,0,4,0,0,1.5,4,7.5,1.53,4.1,6.75,1.5,4.2,6.5,1.53,3.9,6.5,1.55,4.23,7.29,1.53,3.8,7,1.57,4.2,6.5,36,1.57,1.53,4.3,4.01,7.5,6.73,32,2.01,1.95,1.94,1.85,19,-1,2.01,1.95,1.96,1.92,1.65,3.98,6.2017
SP1,28/10/2017,36,30,2,1,H,1,0,H,9,10,5,1,16,19,5,6,0,3,0,0,1.61,3.75,6,1.6,3.9,6,1.6,4,5.5,1.57,3.8,6,1.59,3.91,7.33,1.62,3.6,6,1.62,4,6.25,36,1.64,1.6,4,3.83,7.33,6.09,32,2.13,2,1.86,1.8,19,-1,2.12,2.06,1.84,1.82,1.71,3.93,5.57
SP1,29/10/2017,26,31,2,2,D,0,2,A,16,3,6,2,8,16,6,2,1,3,0,0,1.95,3.39,4.2,1.95,3.3,4.2,2.1,3.4,3.5,1.91,3.25,4.2,1.98,3.48,4.39,1.91,3.4,4.2,1.93,3.4,4.2,34,2.1,1.94,3.5,3.36,4.4,4.15,29,2.29,2.2018,1.73,1.66,16,-0.75,2.31,2.25,1.71,1.68,2.02,3.33,4.44
SP1,29/10/2017,28,35,2,1,H,0,1,A,10,15,5,4,19,16,8,7,3,2,0,0,2.45,3.39,2.87,2.5,3.3,2.9,2.6,3.25,2.75,2.5,3.25,2.8,2.64,3.37,2.9,2.5,3.3,2.8,2.55,3.4,2.9,34,2.64,2.51,3.4,3.28,2.98,2.84,31,2.08,1.96,1.91,1.84,2018,0,1.88,1.83,2.09,2.04,2.45,3.44,3.11
SP1,29/10/2017,104,34,2,1,H,0,1,A,15,15,4,6,21,11,2,7,2,1,0,0,10,6.5,1.25,11,6.25,1.25,15,6.5,1.2,11,5.8,1.25,12.08,6.86,1.26,11,6,1.25,10.5,6.5,1.25,34,15,10.6,6.86,6.16,1.3,1.26,26,1.4,1.35,3.55,3.06,2017,2,1.75,1.7,2.29,2.2,12.85,7.5,1.24
SP1,29/10/2017,109,25,2,1,H,1,0,H,15,10,4,2,20,12,4,1,2,3,0,0,3.1,3.39,2.29,2.85,3.4,2.45,2.9,3.4,2.4,2.9,3.4,2.35,3.07,3.62,2.4,2.88,3.4,2.38,2.9,3.5,2.38,35,3.1,2.93,3.62,3.42,2.52,2.37,31,1.9,1.82,2.08,1.97,2017,0.25,1.86,1.83,2.09,2.05,3.13,3.57,2.38
SP1,30/10/2017,27,24,1,0,H,0,0,D,10,9,4,4,10,2017,5,3,2,5,0,0,2.14,3.39,3.39,2.25,3.25,3.4,2.1,3.4,3.5,2.25,3.4,3.1,2.3,3.47,3.36,2.15,3.4,3.3,2.25,3.4,3.2,35,2.33,2.23,3.5,3.37,3.5,3.24,31,1.96,1.86,2,1.93,2017,-0.25,2,1.95,1.97,1.92,2.01,3.69,3.96
SP1,30/10/2017,107,108,1,3,A,1,1,D,13,15,5,5,11,15,8,5,1,1,0,0,2.04,3.5,3.6,2.2,3.5,3.2,2.2,3.35,3.3,2.15,3.5,3.2,2.19,3.71,3.4,2.15,3.5,3.25,2.15,3.6,3.3,35,2.22,2.15,3.71,3.52,3.6,3.28,29,1.77,1.7,2.22,2.13,2017,-0.25,1.91,1.87,2.06,2,2.05,3.78,3.73
SP1,03/11/2017,24,28,2,2,D,0,2,A,15,9,4,2,10,14,4,6,2,6,0,0,2,3.5,3.79,2,3.6,3.7,2,3.4,3.8,2,3.5,3.7,2.05,3.59,3.92,2,3.4,3.75,2.05,3.5,3.8,36,2.06,2,3.62,3.5,4,3.77,32,1.88,1.81,2.05,1.99,19,-0.25,1.78,1.74,2.21,2.16,2.06,3.55,3.94
SP1,04/11/2017,21,27,1,0,H,1,0,H,2017,9,6,3,29,9,3,8,7,2,0,1,2.87,3.1,2.7,2.9,3.1,2.6,2.65,3.3,2.65,2.8,3,2.65,2.96,3.14,2.75,2.8,3,2.7,2.9,3.1,2.75,36,3,2.86,3.3,3.05,2.77,2.66,32,2.6,2.45,1.58,1.54,19,0,2.04,1.99,1.91,1.87,2.84,3.1,2.9
SP1,04/11/2017,23,36,2,1,H,1,0,H,2018,8,6,3,10,12,3,3,1,0,0,0,1.19,7.5,12,1.19,7.75,12,1.22,7,11,1.22,6.5,10,1.21,8.15,13.75,1.2,7,11,1.22,7.5,13,36,1.24,1.21,8.2,7.25,14,11.51,27,1.32,1.29,3.85,3.5,19,-2,2.06,1.99,1.93,1.87,1.24,7.57,12.26
SP1,04/11/2017,108,40,0,1,A,0,0,D,14,11,1,3,2017,10,4,4,4,2,0,0,4.75,3.6,1.8,4.75,3.6,1.78,4.7,3.9,1.7,4.5,3.5,1.8,4.78,3.68,1.85,5,3.5,1.75,4.6,3.7,1.83,36,5,4.64,3.9,3.57,1.86,1.8,31,2.16,2.04,1.83,1.77,2018,0.75,1.84,1.81,2.11,2.06,5.68,3.69,1.75
SP1,04/11/2017,37,30,3,0,H,1,0,H,13,13,7,6,11,13,4,7,1,2,0,0,1.5,4.33,6.5,1.5,4.33,6.5,1.45,4.5,7,1.5,4,6.5,1.53,4.4,7.23,1.53,4,6.5,1.53,4.33,7,36,1.55,1.51,4.5,4.16,7.23,6.63,35,1.96,1.89,1.98,1.91,20,-1,1.93,1.9,2.01,1.97,1.53,4.31,7.5
SP1,05/11/2017,25,22,3,1,H,3,1,H,11,14,5,5,13,2017,3,6,2,3,0,0,2.1,3.5,3.5,2.1,3.4,3.6,2.2,3.35,3.3,2.05,3.4,3.5,2.11,3.52,3.81,2.1,3.4,3.4,2.1,3.5,3.7,36,2.2,2.09,3.53,3.41,3.81,3.56,32,2,1.93,1.93,1.86,19,-0.25,1.84,1.8,2.13,2.08,2.25,3.44,3.5
SP1,05/11/2017,31,104,1,2,A,0,0,D,7,10,4,5,10,16,7,2,3,4,0,0,2.39,3.29,3,2.4,3.2,3.1,2.2,3.35,3.3,2.4,3.2,3,2.5,3.31,3.14,2.4,3.1,3.1,2.45,3.4,3.1,36,2.5,2.41,3.4,3.24,3.3,3.05,31,2.2018,2.11,1.8,1.72,2018,-0.25,2.12,2.08,1.84,1.81,2.69,3.37,2.85
SP1,05/11/2017,34,107,3,0,H,1,0,H,27,2,9,1,9,9,9,2,2,1,0,0,1.08,13,19,1.06,13.5,29,1.07,12,26,1.08,13,26,1.07,2017,31,1.08,12,21,1.06,15,26,36,1.09,1.07,2017,13.27,36,25.28,26,1.13,1.12,7,5.97,2018,-3,1.91,1.86,2.04,2.01,1.09,14.29,29.62
SP1,05/11/2017,35,26,3,1,H,2,0,H,10,9,6,5,10,2017,3,6,0,3,0,0,1.61,4,5.5,1.6,4,5.75,1.6,4,5.5,1.57,4,5.5,1.6,4.4,5.95,1.62,3.8,5.5,1.57,4.2,5.5,36,1.67,1.59,4.4,4.08,5.95,5.55,32,1.82,1.74,2.19,2.07,19,-1,2.07,2.02,1.89,1.85,1.52,4.66,6.76
SP1,05/11/2017,39,109,2,0,H,0,0,D,14,10,3,2,2018,12,6,4,2,4,0,0,1.53,4.33,6,1.53,4.4,6,1.45,4.4,7.2,1.53,4,5.8,1.6,4.37,6.09,1.53,4.2,6,1.55,4.3,5.75,36,1.6,1.55,4.4,4.22,7.2,5.91,31,1.8,1.74,2.2017,2.07,19,-1,2.01,1.96,1.95,1.91,1.62,4.12,6.28
SP1,17/11/2017,104,35,1,1,D,0,1,A,14,14,4,5,28,10,3,6,4,2,0,0,2.89,3.5,2.37,2.75,3.5,2.5,2.6,3.3,2.7,2.75,3.4,2.45,2.97,3.59,2.48,2.75,3.6,2.4,2.9,3.5,2.5,35,2.97,2.85,3.6,3.46,2.7,2.43,31,1.83,1.76,2.15,2.06,2018,0.25,1.83,1.79,2.14,2.1,2.98,3.6,2.45
SP1,18/11/2017,40,34,0,0,D,0,0,D,7,14,1,3,21,6,7,9,6,2,0,0,3.2,3.39,2.25,3.3,3.3,2.25,2.95,3.3,2.4,3.2,3.3,2.2,3.32,3.58,2.28,3.2,3.2,2.3,3.25,3.5,2.3,35,3.34,3.22,3.58,3.39,2.4,2.25,32,1.95,1.88,1.98,1.92,2018,0.25,1.99,1.93,1.98,1.94,3.21,3.38,2.43
SP1,18/11/2017,28,21,4,1,H,2,0,H,13,11,8,5,2018,14,4,5,3,3,0,0,1.8,3.5,4.75,1.78,3.5,5,1.75,3.6,4.8,1.83,3.25,4.8,1.86,3.5,5.06,1.83,3.2,5,1.83,3.5,5,35,1.86,1.82,3.6,3.39,5.2017,4.86,32,2.5,2.34,1.65,1.59,19,-0.5,1.86,1.82,2.12,2.06,1.75,3.55,5.98
SP1,18/11/2017,30,23,0,3,A,0,1,A,2018,11,7,7,25,10,6,3,1,2,0,0,9.5,5.25,1.33,10.5,5.25,1.3,9.5,5.5,1.3,9,4.8,1.36,9.5,5.35,1.37,8.5,4.8,1.36,9,5.4,1.36,35,10.6,9.1,5.6,5.09,1.37,1.34,31,1.71,1.64,2.33,2.23,2018,1.5,1.9,1.82,2.13,2.05,9.03,5,1.41
SP1,18/11/2017,36,25,2,1,H,1,1,D,12,11,5,5,20,2017,1,2,3,2,0,0,1.72,3.79,4.75,1.72,3.9,4.75,1.8,3.6,4.5,1.73,3.8,4.5,1.78,4.05,4.78,1.75,3.75,4.5,1.75,4.1,4.6,35,1.8,1.74,4.1,3.89,4.9,4.56,32,1.65,1.59,2.41,2.29,2018,-0.75,2,1.94,1.97,1.93,1.62,4.41,5.66
SP1,19/11/2017,22,39,1,1,D,0,1,A,15,7,3,4,10,16,9,7,1,3,0,0,2.25,3.29,3.29,2.25,3.3,3.3,2.3,3.3,3.15,2.2,3.2,3.3,2.24,3.41,3.55,2.25,3.3,3.2,2.2,3.4,3.3,35,2.3,2.22,3.41,3.3,3.55,3.33,31,2.2017,2.07,1.82,1.74,2018,-0.25,1.96,1.92,2.01,1.96,2.23,3.37,3.63
SP1,19/11/2017,27,37,0,2,A,0,0,D,12,7,4,3,11,2017,3,4,0,4,0,0,3.2,3.29,2.29,3.2,3.4,2.25,3.5,3.4,2.1,3.1,3.3,2.25,3.29,3.48,2.33,3.3,3.3,2.2,3.13,3.4,2.25,35,3.5,3.19,3.5,3.36,2.33,2.26,32,1.93,1.84,2.02,1.95,2018,0.25,1.94,1.9,2.01,1.97,2.66,3.41,2.85
SP1,19/11/2017,107,31,0,2,A,0,0,D,10,11,5,6,9,22,3,5,1,4,0,0,1.95,3.5,4,1.91,3.5,4.1,2,3.4,3.8,1.91,3.5,3.9,1.94,3.64,4.34,1.91,3.5,4,1.9,3.6,4.1,34,2,1.91,3.65,3.53,4.34,4.02,30,1.88,1.82,2.05,1.98,2018,-0.5,1.97,1.91,2.01,1.97,1.72,4.2018,4.97
SP1,19/11/2017,109,108,3,2,H,1,1,D,14,12,5,4,16,15,5,4,4,5,0,0,2.37,3.29,3.1,2.3,3.25,3.25,2.2,3.35,3.3,2.3,3.3,3.1,2.37,3.39,3.3,2.25,3.3,3.2,2.3,3.4,3.25,35,2.4,2.33,3.4,3.3,3.4,3.14,32,2.05,1.95,1.93,1.85,2018,-0.25,2.06,2.01,1.92,1.86,2.42,3.39,3.2
SP1,20/11/2017,26,24,5,0,H,2,0,H,2017,4,7,0,10,9,5,2,2,2,0,1,2.39,3.29,3,2.45,3.4,2.9,2.4,3.3,2.95,2.37,3.3,2.9,2.46,3.48,3.06,2.5,3.4,2.75,2.4,3.5,2.88,34,2.5,2.41,3.5,3.36,3.06,2.92,30,1.96,1.86,2,1.92,2018,-0.25,2.13,2.08,1.84,1.8,2.21,3.59,3.46
SP1,24/11/2017,25,30,1,0,H,1,0,H,14,9,7,2,13,16,3,4,2,3,0,0,1.95,3.25,4.33,1.95,3.3,4.25,1.9,3.5,4.1,1.95,3.3,4,2.01,3.39,4.38,2,3.4,3.8,2,3.4,4.2,36,2.01,1.95,3.5,3.34,4.56,4.15,30,2.19,2.09,1.79,1.74,19,-0.5,2.01,1.97,1.96,1.92,1.94,3.44,4.66
SP1,25/11/2017,21,26,1,2,A,0,1,A,6,11,2,6,2018,19,2,5,7,3,1,1,2.5,3.1,3.1,2.55,3.1,3,2.5,3.2,2.9,2.6,3,2.9,2.72,3.08,3.05,2.62,3.1,2.8,2.63,3.1,3,36,2.72,2.58,3.2,3.04,3.1,2.96,32,2.6,2.47,1.57,1.53,19,0,1.86,1.82,2.12,2.06,3.08,2.95,2.81
SP1,25/11/2017,24,104,2,2,D,0,1,A,12,13,6,7,9,16,3,5,2,1,0,0,2,3.6,3.75,2,3.7,3.6,2,3.4,3.8,2.05,3.5,3.4,2.05,3.77,3.75,2.05,3.6,3.4,2.1,3.7,3.5,36,2.1,2.03,3.77,3.59,3.8,3.55,31,1.77,1.7,2.23,2.14,2017,-0.25,1.81,1.77,2.19,2.11,2.03,3.84,3.72
SP1,25/11/2017,31,40,0,5,A,0,2,A,2017,16,2,11,11,14,2,3,2,1,0,0,7.5,3.75,1.53,7.75,3.9,1.5,5.7,3.9,1.6,7,3.6,1.57,7.4,3.95,1.58,6,3.75,1.57,7,3.8,1.6,36,8,6.96,4,3.76,1.6,1.56,30,2.42,2.33,1.65,1.6,19,1,1.9,1.83,2.11,2.05,7.59,3.89,1.58
SP1,25/11/2017,34,109,3,2,H,2,1,H,16,9,9,3,15,13,6,0,1,2,0,0,1.08,13,21,1.09,12,20,1.1,9,27,1.08,12,26,1.09,15.37,25.02,1.1,9,26,1.07,13,31,36,1.1,1.08,15.37,11.91,33,24.24,27,1.21,1.2018,5.1,4.65,2018,-3,2.08,2.04,1.88,1.84,1.1,12.8,26.5
SP1,26/11/2017,108,22,2,2,D,1,1,D,14,10,4,3,11,14,5,2,4,1,0,0,2.75,3.29,2.6,2.75,3.2,2.65,2.6,3.25,2.75,2.65,3.2,2.62,2.78,3.41,2.73,2.7,3.1,2.7,2.75,3.3,2.7,36,2.8,2.71,3.41,3.26,2.75,2.65,30,2.08,1.99,1.91,1.81,19,0,1.99,1.96,1.96,1.91,2.98,3.22,2.67
SP1,26/11/2017,35,107,2,2,D,1,1,D,16,8,3,7,22,14,11,3,4,3,1,0,1.44,4.75,7,1.4,5,7.25,1.45,4.5,7,1.4,4.75,7,1.41,5.51,7.61,1.44,4.33,7,1.4,5.2,7,36,1.45,1.42,5.51,4.91,7.61,6.83,26,1.53,1.44,2.9,2.68,2018,-1.25,1.95,1.92,1.99,1.96,1.4,5.42,8.2018
SP1,26/11/2017,37,23,1,1,D,0,0,D,8,12,1,8,12,11,3,9,4,0,0,0,4,3.89,1.85,4,3.8,1.87,3.6,3.6,2,3.8,3.9,1.83,4.26,3.99,1.87,4,3.8,1.83,3.9,4,1.83,36,4.26,3.97,4.1,3.84,2,1.85,27,1.45,1.42,3,2.76,2017,0.75,1.85,1.8,2.14,2.07,4.89,4.65,1.67
SP1,26/11/2017,39,36,2,3,A,1,0,H,19,15,4,4,9,2017,6,6,4,3,1,0,2.37,3.39,3,2.45,3.2,3,2.4,3.3,2.95,2.3,3.4,2.87,2.41,3.4,3.22,2.4,3.1,3.1,2.38,3.4,3,36,2.5,2.38,3.45,3.3,3.22,3,32,1.94,1.85,2.02,1.95,2018,-0.25,2.07,2.03,1.89,1.85,2.16,3.66,3.52
SP1,27/11/2017,27,28,1,0,H,0,0,D,10,7,5,4,12,2018,6,4,3,6,0,0,2,3.39,3.79,2,3.3,4,2.2,3.2,3.5,2.05,3.2,3.8,2.12,3.34,4.02,2.1,3.2,3.6,2.05,3.3,3.8,34,2.2,2.05,3.4,3.26,4.25,3.83,29,2.45,2.28,1.67,1.61,2017,-0.25,1.8,1.75,2.23,2.14,2.2,3.28,3.83
SP1,01/12/2017,109,31,0,0,D,0,0,D,2018,3,2,3,12,15,7,2,1,3,0,0,1.72,3.79,4.75,1.75,3.6,5,1.85,3.5,4.3,1.75,3.6,4.75,1.78,3.8,5.12,1.75,3.6,4.5,1.75,3.8,5,35,1.85,1.75,3.85,3.66,5.25,4.85,31,2.05,1.93,1.96,1.86,19,-0.75,2.02,1.97,1.95,1.9,1.88,3.63,4.69
SP1,02/12/2017,22,34,0,0,D,0,0,D,11,19,4,4,20,13,3,5,2,5,0,1,7.5,4.5,1.44,6.75,4.75,1.45,6,4.5,1.5,6.5,4.5,1.44,7.11,4.85,1.49,6,4.33,1.5,7,4.8,1.45,35,7.5,6.76,5,4.56,1.5,1.46,31,1.55,1.5,2.66,2.54,2018,1.25,1.92,1.88,2.05,1.99,6.9,5.15,1.47
SP1,02/12/2017,40,35,2,1,H,0,1,A,16,10,10,2,12,10,5,6,1,2,0,0,1.5,3.89,7.5,1.5,4.25,6.75,1.5,4.2,6.5,1.53,3.9,6.5,1.56,4.25,7.08,1.57,3.8,6,1.55,4.3,6.5,35,1.57,1.53,4.33,4.08,7.5,6.58,31,2,1.91,1.96,1.9,19,-1,2.01,1.94,1.97,1.93,1.44,4.75,8.51
SP1,02/12/2017,23,25,2,2,D,1,1,D,21,10,7,5,11,12,4,1,3,6,0,0,1.12,10,2017,1.11,9.75,21,1.15,8,16,1.13,9,23,1.14,10.92,19.11,1.14,7.5,2017,1.13,10,23,35,1.15,1.13,10.98,9.06,23,2018.42,27,1.25,1.22,4.4,4.07,19,-2.5,2.01,1.97,1.95,1.91,1.13,11,24.5
SP1,02/12/2017,36,108,2,0,H,1,0,H,10,11,6,3,12,16,6,7,1,3,0,0,1.44,4.5,7.5,1.42,4.75,7.25,1.4,4.8,7.5,1.44,4.5,6.5,1.45,5,7.6,1.44,4.6,6.5,1.45,5,7,35,1.47,1.44,5,4.67,8,6.98,32,1.56,1.52,2.63,2.48,2018,-1.25,2.03,1.98,1.92,1.89,1.43,5.48,7.33
SP1,03/12/2017,26,27,3,1,H,2,0,H,10,6,5,3,13,16,3,2,3,3,0,0,2.37,3.1,3.29,2.4,3.1,3.2,2.4,3.3,2.95,2.3,3.1,3.25,2.38,3.25,3.43,2.4,3.1,3.1,2.3,3.2,3.3,35,2.45,2.35,3.3,3.14,3.43,3.22,30,2.42,2.31,1.67,1.6,2018,-0.25,2.03,1.99,1.93,1.89,2.37,3.25,3.45
SP1,03/12/2017,28,37,1,0,H,0,0,D,11,13,3,6,2018,11,5,12,8,4,1,0,3,3.39,2.29,3,3.4,2.35,3.15,3.3,2.3,2.87,3.4,2.37,2.96,3.52,2.51,3.1,3.1,2.4,2.88,3.5,2.4,33,3.16,2.96,3.52,3.37,2.51,2.39,30,1.85,1.79,2.09,2.03,2018,0.25,1.84,1.8,2.2017,2.1,3.23,3.65,2.29
SP1,03/12/2017,107,24,1,0,H,1,0,H,21,8,7,2,12,21,6,4,1,7,0,1,2.2,3.5,3.1,2.2,3.6,3.1,2.2,3.35,3.3,2.2,3.6,3,2.27,3.74,3.21,2.25,3.2,3.2,2.2,3.75,3,35,2.27,2.21,3.75,3.54,3.33,3.11,31,1.64,1.57,2.47,2.36,2018,-0.25,1.98,1.93,1.98,1.94,2.31,3.79,3.09
SP1,03/12/2017,30,39,3,1,H,0,0,D,12,12,5,4,11,2017,5,6,2,4,0,0,2.79,3.25,2.62,2.8,3.2,2.6,2.7,3.3,2.6,2.8,3,2.62,2.91,3.16,2.78,2.7,3.1,2.7,2.8,3.25,2.75,35,2.91,2.78,3.3,3.13,2.82,2.66,30,2.42,2.32,1.66,1.6,2018,0,2.01,1.97,1.94,1.9,2.8,3.34,2.75
SP1,04/12/2017,104,21,2,3,A,0,0,D,11,9,3,4,8,13,6,5,1,2,0,0,1.6,3.79,6,1.65,3.9,5.25,1.7,3.7,5,1.61,3.6,5.8,1.63,3.94,6.59,1.67,3.4,6,1.62,3.9,5.75,34,1.7,1.63,4,3.77,6.59,5.69,28,2.14,2.07,1.81,1.74,2017,-0.75,1.84,1.82,2.13,2.07,1.6,4.15,6.57
SP1,08/12/2017,21,107,2,0,H,1,0,H,22,6,9,1,23,12,8,3,2,0,0,0,2.29,3.25,3.25,2.3,3.3,3.25,2.3,3.3,3.15,2.25,3.2,3.25,2.32,3.33,3.45,2.25,3.3,3.2,2.3,3.4,3.3,38,2.35,2.28,3.4,3.27,3.55,3.31,31,2.19,2.1,1.8,1.74,24,-0.25,1.99,1.94,1.97,1.92,2.36,3.47,3.26
SP1,09/12/2017,28,26,0,0,D,0,0,D,6,7,3,2,14,13,9,7,1,4,0,0,2.04,3.39,3.75,1.95,3.4,3.8,2,3.4,3.8,2.05,3.2,3.8,2.08,3.38,4.1,1.95,3.4,4,2.05,3.4,4,38,2.1,2.03,3.45,3.34,4.1,3.88,32,2.27,2.15,1.75,1.7,21,-0.25,1.8,1.75,2.19,2.13,2.11,3.51,3.83
SP1,09/12/2017,108,30,1,0,H,1,0,H,15,3,4,0,16,21,6,1,4,4,0,0,2.37,3.2,3.2,2.35,3.25,3.2,2.3,3.3,3.15,2.35,3.1,3.2,2.4,3.26,3.37,2.25,3.2,3.3,2.37,3.3,3.25,38,2.45,2.36,3.35,3.2,3.37,3.21,31,2.33,2.24,1.7,1.64,22,-0.25,2.05,2,1.9,1.85,2.36,3.32,3.39
SP1,09/12/2017,34,36,5,0,H,5,0,H,20,11,8,3,12,11,9,3,0,2,0,0,1.33,5.5,8.5,1.33,5.75,8.25,1.35,5.3,8,1.3,5.75,8.5,1.33,6.4,8.85,1.29,5.5,9,1.3,6.25,8.5,38,1.35,1.31,6.4,5.86,9.75,8.54,31,1.29,1.25,4.3,3.8,22,-1.5,1.9,1.84,2.07,2.02,1.35,6.1,8.65
SP1,09/12/2017,37,25,2,1,H,1,0,H,13,13,7,5,16,12,10,2,2,5,0,0,1.66,4,5,1.7,4,4.75,1.65,4,5,1.7,4,4.6,1.73,4.29,4.77,1.62,4.2,5,1.73,4.2,4.75,38,1.74,1.69,4.3,4.08,5,4.72,30,1.57,1.54,2.54,2.44,22,-0.75,1.94,1.89,2.01,1.97,1.81,4.08,4.53
SP1,10/12/2017,24,40,0,1,A,0,1,A,9,4,4,2,15,19,3,2,4,3,0,0,4.75,3.79,1.72,5,3.8,1.7,5,3.7,1.7,4.8,3.6,1.72,5.29,3.85,1.75,4.5,3.75,1.75,4.8,3.8,1.73,38,5.29,4.83,3.95,3.74,1.8,1.74,32,2.03,1.95,1.94,1.86,22,0.75,1.95,1.91,2,1.95,5.85,4.37,1.61
SP1,10/12/2017,31,22,1,2,A,0,1,A,12,14,3,3,11,13,8,6,3,3,0,0,3.25,3.39,2.25,3.25,3.4,2.25,2.95,3.3,2.4,3.4,3.1,2.25,3.57,3.33,2.27,3.2,3.2,2.3,3.3,3.3,2.25,38,3.57,3.32,3.4,3.27,2.4,2.27,31,2.36,2.21,1.73,1.66,22,0.25,1.98,1.93,1.98,1.93,3.9,3.53,2.08
SP1,10/12/2017,35,109,0,2,A,0,1,A,2018,9,2,5,10,12,5,0,1,1,0,0,1.53,4.33,6,1.5,4.6,6,1.6,4,5.5,1.53,4.2,6,1.53,4.64,6.6,1.55,4,6,1.53,4.5,6.5,38,1.6,1.53,4.65,4.33,6.64,6.14,33,1.75,1.69,2.28,2.2017,23,-1,1.91,1.87,2.04,1.99,1.51,4.54,7.38
SP1,10/12/2017,39,23,0,2,A,0,0,D,9,16,5,6,2018,13,2,4,2,1,1,0,6,4.33,1.53,5.5,4.4,1.55,6,4.5,1.5,5.5,4.25,1.53,6.16,4.71,1.55,5.5,4.4,1.53,5.5,4.6,1.53,38,6.25,5.66,4.71,4.42,1.58,1.55,33,1.55,1.5,2.63,2.53,23,1,2.03,1.95,1.95,1.91,5.81,4.54,1.6
SP1,11/12/2017,27,104,0,1,A,0,1,A,8,12,3,5,9,2017,8,6,1,3,0,0,2.04,3.5,3.6,2,3.3,4,2.05,3.3,3.8,2,3.3,3.8,2.04,3.38,4.27,2,3.4,3.8,2,3.5,3.8,37,2.09,2.01,3.52,3.36,4.27,3.88,31,2.2017,2.06,1.82,1.75,20,-0.25,1.77,1.73,2.24,2.15,1.88,3.54,4.88
SP1,15/12/2017,36,31,0,0,D,0,0,D,16,10,6,2,22,14,8,5,2,3,0,0,1.28,5.75,9.5,1.3,5.5,10,1.3,5.5,9.5,1.33,5.2,9.5,1.32,5.77,10.88,1.3,5.5,9.5,1.33,5.75,9.5,35,1.36,1.32,6,5.46,10.97,9.65,31,1.6,1.54,2.68,2.48,19,-1.5,2,1.94,1.96,1.94,1.28,6.24,12.4
SP1,16/12/2017,22,35,0,0,D,0,0,D,7,10,1,2,14,9,6,6,3,0,0,0,2.14,3.39,3.39,2.25,3.4,3.25,2.1,3.3,3.6,2.2,3.4,3.1,2.31,3.44,3.37,2.2,3.3,3.3,2.25,3.5,3.3,35,2.31,2.22,3.51,3.4,3.6,3.28,34,1.91,1.83,2.07,1.98,20,-0.25,1.98,1.93,1.97,1.94,2.31,3.47,3.34
SP1,16/12/2017,40,21,1,0,H,0,0,D,10,11,4,0,14,16,4,4,3,4,0,0,1.19,6.5,15,1.2,6.5,16.5,1.25,6,11,1.22,5.8,2017,1.22,6.8,2018.25,1.22,5.5,2017,1.22,6.5,2018,35,1.25,1.21,6.8,6.08,20,16.43,33,1.86,1.79,2.1,2.02,19,-1.75,1.98,1.93,1.97,1.93,1.27,5.98,16.01
SP1,16/12/2017,26,37,2,1,H,0,0,D,15,7,3,3,13,13,5,6,1,4,0,0,2.75,3.29,2.6,2.8,3.4,2.5,3.15,3.3,2.3,2.75,3.25,2.55,2.84,3.44,2.65,2.7,3.25,2.62,2.8,3.4,2.63,35,3.15,2.79,3.47,3.31,2.66,2.57,34,2.06,1.96,1.93,1.85,2018,0.25,1.74,1.71,2.26,2.2,2.63,3.55,2.79
SP1,17/12/2017,23,108,4,0,H,2,0,H,23,10,11,3,12,10,6,3,0,1,0,0,1.08,13,23,1.08,12,23,1.1,9,27,1.09,11,29,1.1,14.5,26,1.08,11,26,1.08,12,23,35,1.11,1.09,14.53,11.67,34,24.88,29,1.23,1.2,4.75,4.43,2018,-2.75,1.88,1.84,2.06,2.03,1.13,10.86,21.53
SP1,17/12/2017,25,39,0,1,A,0,1,A,10,8,3,5,11,19,2,2,1,3,0,0,2.29,3.39,3.1,2.35,3.2,3.25,2.2,3.35,3.3,2.3,3.3,3,2.4,3.54,3.13,2.3,3.3,3.1,2.3,3.5,3,35,2.43,2.35,3.54,3.39,3.3,3.05,34,1.96,1.88,2,1.93,20,-0.25,2.07,2.03,1.87,1.84,2.66,3.53,2.77
SP1,17/12/2017,104,28,1,0,H,1,0,H,9,7,2,0,20,25,1,7,2,6,0,0,2.2,3.25,3.5,2.15,3.3,3.6,2.2,3.2,3.5,2.15,3.3,3.3,2.21,3.49,3.55,2.1,3.3,3.5,2.25,3.4,3.4,35,2.25,2.2018,3.49,3.33,3.6,3.44,34,2.05,1.98,1.89,1.82,19,-0.25,1.94,1.89,2.02,1.97,2.23,3.38,3.63
SP1,17/12/2017,107,27,2,2,D,0,2,A,14,8,5,3,6,25,9,2,3,3,0,0,2.5,3.29,2.87,2.45,3.4,2.9,2.4,3.2,3.05,2.45,3.25,2.8,2.58,3.41,2.95,2.5,3.3,2.8,2.5,3.4,2.88,35,2.58,2.5,3.41,3.3,3.08,2.87,34,2.02,1.96,1.91,1.84,2018,-0.25,2.21,2.15,1.78,1.74,2.51,3.37,3.07
SP1,18/12/2017,109,24,0,2,A,0,1,A,2018,10,2,4,15,15,3,4,2,2,1,0,2,3.39,3.79,2.05,3.4,3.7,2.1,3.4,3.5,2.05,3.4,3.6,2.07,3.62,3.83,2.1,3.4,3.4,2.05,3.5,3.6,34,2.12,2.06,3.62,3.45,3.83,3.6,32,1.96,1.89,1.96,1.91,2017,-0.25,1.82,1.78,2.16,2.1,2.24,3.41,3.56
SP1,19/12/2017,31,30,0,0,D,0,0,D,10,10,3,2,21,2017,6,5,6,6,1,1,2.7,3,2.89,2.65,2.95,3,2.6,3.25,2.75,2.6,3,2.9,2.68,3.13,3.05,2.6,3,2.9,2.63,3.1,3.1,36,2.72,2.62,3.25,3.04,3.1,2.97,32,2.75,2.57,1.55,1.49,2018,-0.25,2.27,2.21,1.76,1.72,2.76,3.11,2.98
SP1,20/12/2017,28,107,2,0,H,2,0,H,13,2017,7,6,23,11,3,1,3,1,0,0,1.75,3.6,5,1.75,3.7,4.75,1.75,3.6,4.8,1.75,3.7,4.6,1.81,3.81,4.85,1.75,3.75,4.5,1.8,3.75,4.75,36,1.81,1.76,3.93,3.72,5.02,4.69,35,1.88,1.83,2.05,1.98,19,-0.75,2.05,1.98,1.93,1.88,1.77,4.04,4.82
SP1,20/12/2017,35,36,3,1,H,1,1,D,14,9,5,4,9,2018,4,5,1,5,0,0,2.25,3.5,3,2.2,3.5,3.25,2.3,3.3,3.15,2.2,3.6,3.1,2.24,3.8,3.22,2.2,3.6,3.1,2.2,3.75,3.2,36,2.3,2.21,3.8,3.62,3.25,3.13,32,1.63,1.58,2.5,2.36,20,-0.25,1.98,1.92,1.99,1.95,2.12,3.9,3.42
SP1,21/12/2017,21,109,1,0,H,0,0,D,10,10,5,3,14,2018,4,4,3,4,0,0,2.14,3.2,3.5,2.1,3.3,3.7,2.2,3.35,3.3,2.1,3.1,3.75,2.13,3.35,3.97,2.15,3.2,3.5,2.05,3.3,3.8,36,2.22,2.13,3.38,3.26,3.97,3.66,33,2.43,2.31,1.65,1.6,20,-0.25,1.82,1.8,2.13,2.08,2.05,3.32,4.32
SP1,21/12/2017,26,104,4,1,H,2,1,H,16,6,6,1,14,2018,3,2,1,2,0,0,2,3.39,3.75,1.95,3.4,4.1,2.1,3.4,3.5,1.95,3.3,3.9,2.01,3.5,4.23,2,3.4,3.75,2,3.4,4,36,2.1,2,3.5,3.39,4.23,3.93,34,2.2017,2.07,1.81,1.75,2018,-0.25,1.75,1.72,2.28,2.19,2.08,3.4,4.1
SP1,22/12/2017,24,22,0,2,A,0,1,A,16,19,6,7,7,6,6,9,1,2,1,0,2.7,3.25,2.62,2.7,3.2,2.6,2.75,3.25,2.6,2.62,3.3,2.6,2.76,3.45,2.72,2.75,3.4,2.5,2.7,3.4,2.63,35,2.8,2.7,3.45,3.32,2.72,2.61,34,1.9,1.83,2.02,1.97,2017,0.25,1.7,1.67,2.34,2.26,2.77,3.39,2.75
SP1,22/12/2017,27,40,1,0,H,0,0,D,7,9,4,1,2018,22,2,3,2,5,0,0,5,3.5,1.72,5,3.5,1.72,4.8,3.6,1.75,5.2,3.3,1.75,5.62,3.57,1.78,5,3.4,1.75,5.2,3.5,1.75,35,5.62,5.07,3.65,3.48,1.82,1.76,32,2.46,2.37,1.67,1.57,2018,0.75,1.88,1.84,2.08,2.03,5.48,3.53,1.81
SP1,23/12/2017,108,25,1,3,A,0,2,A,15,7,4,3,20,16,3,1,2,2,0,0,2.54,3.29,2.7,2.6,3.1,2.75,2.6,3.25,2.75,2.62,3.3,2.6,2.77,3.51,2.67,2.5,3.3,2.8,2.62,3.5,2.62,33,2.77,2.63,3.51,3.34,2.82,2.68,32,1.92,1.86,2.04,1.94,16,-0.25,2.39,2.28,1.7,1.66,2.98,3.36,2.58
SP1,23/12/2017,34,23,0,3,A,0,0,D,14,2018,5,11,14,10,7,7,2,2,1,0,2.1,3.75,3.1,2.05,3.7,3.2,2.2,3.7,3.05,2.05,3.8,3.2,2.09,4.06,3.34,2.05,4,3.1,2.05,4,3.2,33,2.2,2.07,4.07,3.88,3.38,3.21,27,1.42,1.38,3.1,2.98,2017,-0.25,1.85,1.83,2.09,2.05,2.21,3.9,3.21
SP1,23/12/2017,37,39,0,1,A,0,1,A,22,9,3,2,11,21,14,1,7,5,1,1,2.04,3.6,3.29,1.95,3.7,3.5,2,3.4,3.8,2.05,3.6,3.4,2.09,3.92,3.5,2,3.75,3.4,2.05,3.8,3.4,33,2.11,2.04,3.92,3.69,3.8,3.44,29,1.69,1.63,2.34,2.25,16,-0.25,1.83,1.79,2.14,2.08,2.13,3.69,3.56
SP1,06/01/2018,40,28,2,0,H,1,0,H,9,10,5,5,11,16,5,0,7,3,1,0,1.39,4.2,10,1.4,4.5,9,1.4,4.6,8,1.4,4.25,10,1.41,4.72,10.29,1.4,4.2,9,1.4,4.6,10.5,36,1.43,1.4,4.72,4.44,10.58,9.48,34,2.21,2.14,1.77,1.71,20,-1.25,2,1.94,1.96,1.92,1.36,4.87,12.3
SP1,06/01/2018,107,26,1,2,A,1,0,H,4,14,2,5,13,2017,4,3,3,3,0,0,2.54,3.39,2.75,2.55,3.4,2.75,2.55,3.3,2.77,2.55,3.4,2.65,2.64,3.53,2.79,2.62,3.2,2.75,2.6,3.5,2.8,36,2.67,2.57,3.53,3.38,2.8,2.73,35,1.84,1.78,2.14,2.05,2018,-0.25,2.31,2.22,1.74,1.69,2.73,3.62,2.65
SP1,06/01/2018,36,24,3,5,A,2,2,D,14,9,3,5,16,2018,12,0,3,6,0,0,1.5,4.33,6.5,1.5,4.6,6,1.55,4,6.2,1.5,4.33,5.8,1.52,4.7,6.74,1.53,4.2,6,1.55,4.5,6.25,36,1.56,1.52,4.7,4.42,6.74,6.04,32,1.57,1.53,2.6,2.47,20,-1,1.87,1.84,2.07,2.03,1.63,4.41,5.55
SP1,06/01/2018,37,104,2,1,H,1,1,D,2017,11,7,5,16,14,9,7,5,5,0,0,1.61,4,5.5,1.6,4.1,5.5,1.65,3.8,5.3,1.61,3.9,5,1.66,4.15,5.63,1.62,3.8,5.5,1.67,4.1,5.4,36,1.69,1.64,4.2,3.98,5.63,5.24,34,1.74,1.67,2.31,2.2,19,-0.75,1.87,1.82,2.09,2.05,1.49,4.54,7.71
SP1,07/01/2018,22,21,2,0,H,1,0,H,14,8,8,1,23,20,4,1,2,4,0,0,1.66,3.5,6,1.67,3.6,5.75,1.6,4,5.5,1.61,3.6,5.75,1.66,3.9,6.26,1.67,3.6,5.5,1.62,3.8,5.75,36,1.7,1.66,4,3.72,6.26,5.67,34,2.16,2.07,1.82,1.74,19,-0.75,1.88,1.83,2.09,2.04,1.84,3.52,5.14
SP1,07/01/2018,23,31,3,0,H,2,0,H,16,9,8,2,10,22,3,6,0,4,0,0,1.05,15,34,1.05,15.5,29,1.07,12,26,1.05,2017,34,1.05,20.38,31.01,1.06,15,26,1.04,2017,34,34,1.08,1.05,20.38,15.32,67,33.42,31,1.2017,1.14,5.85,5.2,2018,-3.25,1.93,1.85,2.08,2.02,1.06,2018.5,46
SP1,07/01/2018,25,34,2,2,D,1,2,A,10,19,5,8,10,15,3,7,2,2,0,0,6.5,4.33,1.5,6.25,4.75,1.48,6,4.5,1.5,5.8,4.6,1.5,6.6,5.14,1.48,6,4.5,1.5,5.75,5,1.5,36,6.6,5.98,5.14,4.75,1.53,1.49,29,1.38,1.34,3.36,3.2017,19,1.25,1.92,1.88,2.05,1.99,6.57,5.05,1.49
SP1,07/01/2018,30,35,1,0,H,0,0,D,8,9,4,5,14,11,5,6,0,1,0,0,2.89,3.25,2.5,3,3.2,2.45,2.75,3.25,2.6,3,3.1,2.4,3.07,3.39,2.51,2.9,3.2,2.5,3.1,3.3,2.45,36,3.15,3,3.39,3.22,2.6,2.47,34,2.26,2.2017,1.8,1.69,19,0.25,1.83,1.79,2.14,2.09,3.36,3.11,2.5
SP1,07/01/2018,39,108,1,1,D,1,0,H,11,13,5,3,19,12,7,5,4,3,0,0,1.57,4,6,1.62,3.8,6,1.55,4,6.2,1.6,4,5.5,1.62,4.27,5.94,1.57,3.75,6.5,1.6,4.2,5.5,36,1.65,1.59,4.27,4.04,6.5,5.7,33,1.78,1.73,2.2,2.11,20,-1,2.08,2.02,1.9,1.85,1.56,4.33,6.87
SP1,08/01/2018,109,27,0,1,A,0,1,A,2017,6,2,3,2018,11,6,5,2,3,0,0,2.54,3,3.1,2.55,3,3.1,2.5,3.1,3,2.5,3,3,2.54,3.11,3.28,2.6,3,2.9,2.55,3.1,3,35,2.63,2.54,3.11,3.03,3.28,3.04,30,2.6,2.47,1.57,1.53,2017,-0.25,2.2,2.14,1.78,1.75,3.08,3.12,2.67
SP1,12/01/2018,28,109,1,0,H,0,0,D,7,9,3,2,19,16,5,2,3,1,0,0,1.8,3.39,5,1.8,3.4,5,1.85,3.5,4.3,1.8,3.3,5,1.81,3.51,5.44,1.8,3.3,5,1.83,3.4,5.25,37,1.85,1.81,3.51,3.38,5.5,5.06,33,2.5,2.4,1.62,1.56,2018,-0.75,2.11,2.05,1.86,1.83,1.91,3.35,4.91
SP1,13/01/2018,26,40,0,1,A,0,1,A,11,7,4,3,12,9,9,1,2,1,0,0,4,3.2,2.04,4.1,3.3,2,4.1,3.5,1.9,3.9,3.1,2.05,3.98,3.39,2.11,4,3.2,2,4,3.4,2.05,37,4.33,3.96,3.5,3.24,2.12,2.04,34,2.55,2.37,1.63,1.58,2018,0.25,2.2,2.11,1.81,1.76,4.27,3.22,2.08
SP1,13/01/2018,104,107,6,0,H,1,0,H,15,3,8,1,25,20,5,2,2,5,0,0,1.72,3.79,4.75,1.75,3.7,4.75,1.8,3.6,4.5,1.73,3.8,4.5,1.75,4.05,4.94,1.75,3.6,4.8,1.75,4,4.75,37,1.82,1.75,4.05,3.84,4.94,4.63,35,1.76,1.69,2.26,2.16,20,-0.75,2,1.94,1.96,1.92,1.64,4.34,5.45
SP1,13/01/2018,108,37,1,2,A,0,1,A,12,12,2,5,13,8,8,10,2,1,0,0,3,3.39,2.37,3,3.5,2.3,3.3,3.35,2.2,2.9,3.5,2.3,3.08,3.69,2.35,3,3.2,2.4,3,3.6,2.38,37,3.3,2.99,3.69,3.47,2.4,2.34,35,1.78,1.71,2.24,2.13,19,0.25,1.88,1.85,2.06,2.02,3.3,3.68,2.22
SP1,13/01/2018,34,39,0,1,A,0,0,D,28,10,7,4,11,12,11,0,2,1,0,0,1.25,6.5,10,1.25,6.75,10,1.3,5.5,9.5,1.25,6.5,11,1.27,7.01,10.86,1.25,6,11,1.25,7,12,37,1.3,1.25,7.15,6.62,12,10.33,30,1.31,1.27,4.1,3.69,20,-2,2.08,2,1.91,1.86,1.21,8.12,13.31
SP1,14/01/2018,21,36,1,0,H,0,0,D,12,14,3,1,2018,12,5,4,5,2,1,0,3.25,3.25,2.29,3.3,3.3,2.25,3.3,3.35,2.2,3.2,3.25,2.25,3.47,3.42,2.28,3.3,3.1,2.3,3.2,3.4,2.25,36,3.47,3.28,3.45,3.3,2.31,2.25,34,2.07,2,1.87,1.81,2017,0.25,1.97,1.92,1.99,1.94,3.59,3.4,2.21
SP1,14/01/2018,27,22,1,1,D,1,1,D,11,8,3,3,14,16,4,2,2,4,0,0,2.54,3,3,2.55,3.1,2.95,2.6,3.2,2.8,2.55,3,2.9,2.66,3.19,3.03,2.62,3,2.9,2.55,3.13,3,37,2.68,2.58,3.2,3.09,3.03,2.92,33,2.48,2.36,1.62,1.57,2017,-0.25,2.25,2.19,1.75,1.71,2.93,3.24,2.66
SP1,14/01/2018,31,25,0,1,A,0,1,A,15,3,5,2,19,7,6,2,4,3,0,0,3,3.25,2.45,3.1,3.2,2.4,2.7,3.3,2.6,3,3.25,2.35,3.2017,3.44,2.42,3.1,3.1,2.4,3.13,3.4,2.4,37,3.2,3.04,3.44,3.28,2.6,2.39,35,2.07,2.01,1.9,1.81,2018,0.25,1.89,1.83,2.08,2.03,3.53,3.5,2.19
SP1,14/01/2018,35,23,2,4,A,2,1,H,15,11,6,5,15,13,7,3,2,2,0,0,6.5,5,1.44,6.75,4.75,1.45,7.2,5,1.4,6.5,4.6,1.44,6.94,4.89,1.49,7,4.5,1.44,6.25,5,1.44,37,7.2,6.43,5.05,4.77,1.51,1.45,27,1.47,1.42,3,2.79,2018,1.25,1.95,1.91,2.01,1.95,7.36,5.35,1.43
SP1,15/01/2018,24,30,3,2,H,2,1,H,16,10,9,6,12,15,1,1,2,3,0,0,2.25,3.1,3.5,2.15,3.3,3.5,2.2,3.25,3.4,2.15,3.2,3.5,2.23,3.38,3.62,2.25,3.1,3.4,2.15,3.3,3.5,36,2.27,2.19,3.38,3.24,3.75,3.47,34,2.25,2.16,1.73,1.68,19,-0.25,1.92,1.87,2.06,1.99,1.99,3.48,4.26
SP1,19/01/2018,28,22,2,2,D,1,1,D,2017,7,6,6,2017,12,6,2,5,1,0,0,2.7,3.1,2.79,2.7,3.1,2.8,2.6,3.2,2.8,2.7,3,2.75,2.85,3.14,2.82,2.7,3.1,2.75,2.8,3.13,2.8,37,2.86,2.76,3.2,3.06,2.87,2.79,33,2.57,2.45,1.6,1.54,20,-0.25,2.42,2.34,1.7,1.63,2.82,3.2018,2.81
SP1,20/01/2018,40,104,1,1,D,1,0,H,9,6,4,3,13,15,2,1,4,3,0,0,1.36,4.75,9.5,1.36,4.75,9.5,1.35,5,8.5,1.36,4.6,9,1.36,5.11,10.33,1.36,4.5,10,1.4,4.8,10,37,1.4,1.37,5.11,4.74,11,9.6,36,1.93,1.88,2,1.93,20,-1.25,1.93,1.88,2.08,1.99,1.35,4.97,12.38
SP1,20/01/2018,27,36,0,3,A,0,2,A,9,12,0,7,2018,14,8,2,4,2,0,0,2.75,3.2,2.7,2.8,3.3,2.55,2.75,3.25,2.6,2.7,3.2,2.62,2.78,3.31,2.76,2.7,3.1,2.7,2.8,3.3,2.7,37,2.86,2.74,3.32,3.22,2.77,2.66,35,2.11,2.03,1.85,1.79,19,0.25,1.7,1.66,2.35,2.27,3.11,3.25,2.53
SP1,20/01/2018,107,37,2,1,H,1,1,D,20,14,6,8,2018,16,3,6,2,9,0,2,4.5,4,1.72,4.25,4,1.78,4.8,3.6,1.75,4,3.9,1.8,4.53,4.1,1.79,4.2,3.75,1.8,4.4,4.1,1.8,37,4.8,4.26,4.25,3.97,1.84,1.78,32,1.53,1.5,2.71,2.54,19,0.75,1.93,1.88,2.06,1.98,4.26,4.1,1.83
SP1,20/01/2018,39,31,2,1,H,1,0,H,2018,16,6,4,14,16,6,4,2,2,0,0,1.44,4.5,7.5,1.48,4.4,7,1.45,4.4,7.2,1.5,4,7,1.51,4.39,7.42,1.44,4.33,7,1.5,4.4,7.5,37,1.53,1.48,4.5,4.26,8,7.06,36,1.97,1.91,1.98,1.9,20,-1,1.89,1.83,2.1,2.04,1.66,3.93,5.9
SP1,21/01/2018,21,30,2,2,D,0,0,D,14,8,6,4,13,14,4,6,3,3,1,0,2.14,3.1,3.75,2.2,3,3.8,2.2,3.35,3.3,2.15,3,3.75,2.2,3.1,3.97,2.2,3,3.6,2.2,3.1,3.9,37,2.27,2.19,3.35,3.05,3.97,3.74,31,2.94,2.75,1.48,1.44,20,-0.25,1.9,1.86,2.06,2.01,2.28,3.06,3.84
SP1,21/01/2018,24,23,0,5,A,0,0,D,7,14,2,10,12,9,4,2,2,2,0,0,10,6,1.28,9,5.75,1.3,9.5,5.5,1.3,9,5.75,1.3,9.2,6.1,1.33,9,5,1.33,9,6,1.3,37,10,8.63,6.5,5.79,1.35,1.31,30,1.32,1.29,4,3.51,19,2,1.72,1.66,2.38,2.29,10.39,6.63,1.29
SP1,21/01/2018,34,108,7,1,H,2,1,H,24,5,13,2,7,11,6,1,0,2,0,0,1.14,9,15,1.13,9.5,2017.5,1.12,9,20,1.13,9,21,1.13,11,19,1.14,8,2017,1.14,9.5,21,37,1.16,1.13,11,9.24,21,2017.59,30,1.22,1.19,5.2,4.51,19,-2.5,1.97,1.92,2,1.95,1.13,11,22
SP1,21/01/2018,35,25,1,2,A,1,1,D,16,10,2,3,10,7,8,3,1,2,0,0,1.85,3.89,4,1.85,3.8,4,2.2,3.35,3.3,1.85,3.75,3.8,1.9,3.95,4.06,1.91,3.5,4,1.85,4,3.9,37,2.2,1.88,4,3.8,4.2,3.92,33,1.6,1.54,2.57,2.45,2018,-0.75,2.19,2.11,1.8,1.77,1.85,3.86,4.44
SP1,22/01/2018,26,109,1,1,D,0,1,A,15,10,4,4,11,11,8,3,1,3,0,1,1.66,3.5,6,1.7,3.6,5.5,1.75,3.7,4.7,1.67,3.5,5.75,1.68,3.72,6.31,1.7,3.4,5.5,1.67,3.7,5.5,35,1.75,1.69,3.78,3.6,6.31,5.54,33,2.34,2.24,1.69,1.63,2017,-0.75,1.94,1.89,2.02,1.98,1.85,3.48,5.07
SP1,26/01/2018,22,26,1,1,D,0,0,D,7,14,1,2,15,14,3,7,0,0,0,0,1.9,3.39,4.33,1.9,3.4,4.33,1.9,3.5,4.1,1.95,3.3,4,1.99,3.47,4.25,1.95,3.4,4,2,3.4,4.2,37,2.04,1.95,3.55,3.4,4.4,4.16,35,2.19,2.1,1.8,1.74,20,-0.25,1.71,1.68,2.35,2.25,1.93,3.55,4.45
SP1,27/01/2018,108,31,2,2,D,2,0,H,8,15,2,4,13,14,4,7,7,5,1,0,2,3.5,3.79,1.95,3.5,4,2,3.4,3.8,1.95,3.4,3.9,2,3.59,4.15,2,3.3,3.8,2,3.6,4,36,2.05,1.98,3.65,3.49,4.15,3.87,35,2,1.93,1.93,1.88,19,-0.25,1.75,1.71,2.25,2.2,1.87,3.74,4.5
SP1,27/01/2018,109,104,0,0,D,0,0,D,7,11,1,2,2018,7,5,4,2,1,1,0,2.29,3,3.39,2.35,3.2,3.25,2.6,3.2,2.8,2.35,3.2,3.1,2.36,3.32,3.33,2.4,3.1,3.1,2.4,3.25,3.25,37,2.6,2.37,3.33,3.2,3.39,3.2018,35,2.23,2.12,1.8,1.72,20,-0.25,2.09,2.01,1.9,1.85,2.78,3.07,2.95
SP1,27/01/2018,37,34,1,4,A,0,2,A,11,13,4,7,20,22,4,4,2,3,0,0,5,4.33,1.61,4.75,4.5,1.62,4.2,4.2,1.75,4.5,4.33,1.67,4.79,4.53,1.68,5,4.2,1.62,4.75,4.5,1.67,37,5,4.63,4.65,4.38,1.75,1.65,32,1.37,1.33,3.4,3.23,21,1,1.86,1.82,2.1,2.05,4.85,4.73,1.65
SP1,27/01/2018,39,35,4,2,H,4,1,H,11,24,7,6,16,6,2,9,1,1,0,0,2.04,3.5,3.5,2.1,3.5,3.5,1.9,3.5,4.1,2.1,3.5,3.4,2.14,3.65,3.59,2.1,3.4,3.4,2.15,3.5,3.5,37,2.2,2.12,3.65,3.5,4.1,3.45,35,1.8,1.74,2.2018,2.08,20,-0.25,1.87,1.83,2.08,2.04,1.98,3.72,3.98
SP1,28/01/2018,40,107,3,0,H,0,0,D,2018,9,7,1,2017,11,4,1,1,2,0,0,1.16,7.5,2017,1.2018,7.25,16.5,1.2,6.5,15,,,,1.19,7.69,2018.88,1.2017,7,2017,1.2018,8,2018,36,1.2,1.2018,8,7.13,21,16.47,32,1.55,1.5,2.69,2.54,20,-2,1.99,1.93,1.96,1.93,1.19,7.55,2018
SP1,28/01/2018,23,21,2,1,H,0,1,A,2018,7,12,4,6,2018,8,1,0,2,0,0,1.08,11,26,1.08,11.5,29,1.1,9,27,1.08,12,34,1.1,13.4,24.5,1.1,9,26,1.06,13,31,37,1.13,1.09,14,11.21,34,25.81,30,1.28,1.25,4.2,3.84,19,-2.75,1.93,1.88,2.06,1.98,1.1,11.96,28.53
SP1,28/01/2018,30,27,3,2,H,1,0,H,11,12,6,4,20,19,1,7,2,4,0,0,2.37,2.79,3.5,2.45,2.95,3.3,2.6,3.15,2.85,2.4,2.9,3.25,2.47,3.08,3.36,2.5,2.9,3.2,2.5,3,3.3,36,2.6,2.45,3.15,2.94,3.52,3.29,32,3.03,2.85,1.47,1.41,20,-0.25,2.12,2.07,1.83,1.81,2.91,2.93,2.94
SP1,28/01/2018,36,28,1,1,D,0,0,D,15,7,1,2,12,15,3,4,3,3,0,0,1.5,4.33,6.5,1.5,4.25,6.75,1.55,4,6.2,1.5,4.2,6,1.54,4.47,6.56,1.53,4,6.5,1.5,4.4,6.5,37,1.56,1.52,4.5,4.26,6.75,6.29,35,1.77,1.71,2.2,2.12,20,-1,1.91,1.86,2.05,2,1.54,4.08,7.6
SP1,29/01/2018,25,24,3,2,H,1,0,H,13,7,5,3,13,8,7,2,1,5,0,0,1.75,3.75,4.75,1.75,3.8,4.6,1.75,3.6,4.8,1.75,3.9,4.2,1.8,4.2018,4.34,1.75,3.8,4.33,1.75,4,4.4,36,1.82,1.77,4.2018,3.93,4.8,4.33,33,1.6,1.54,2.53,2.42,2018,-0.75,2.02,1.97,1.92,1.88,1.73,4.14,4.89
SP1,02/02/2018,35,108,5,0,H,1,0,H,19,4,8,1,11,11,9,5,0,1,0,0,1.44,4.75,6.5,1.44,4.75,7,1.7,3.9,4.7,1.44,4.5,6.5,1.48,4.82,7.05,1.5,4.4,6,1.5,4.8,6.5,39,1.7,1.49,4.93,4.6,7.05,6.43,31,1.54,1.49,2.74,2.58,20,-1,1.8,1.74,2.23,2.14,1.46,5.09,6.95
SP1,03/02/2018,21,25,2,1,H,2,0,H,9,16,3,4,13,11,2,1,3,2,0,0,2.62,3.2,2.79,2.65,3.25,2.75,2.65,3.3,2.65,2.55,3.2,2.75,2.63,3.37,2.87,2.7,3.1,2.7,2.63,3.4,2.8,39,2.72,2.62,3.45,3.29,2.89,2.75,38,2.08,2.01,1.89,1.8,19,-0.25,2.33,2.23,1.73,1.69,2.63,3.27,2.96
SP1,03/02/2018,24,39,2,1,H,1,0,H,13,12,4,3,11,12,2,6,1,2,0,1,2.79,3.39,2.5,2.8,3.3,2.55,2.85,3.3,2.5,2.7,3.5,2.45,2.82,3.56,2.57,2.8,3.3,2.5,2.8,3.5,2.55,39,2.88,2.78,3.6,3.44,2.63,2.51,37,1.76,1.7,2.26,2.14,19,0.25,1.77,1.72,2.23,2.16,3.11,3.68,2.32
SP1,03/02/2018,26,36,5,1,H,3,1,H,2017,11,7,3,11,20,5,3,0,3,0,0,2.6,3.29,2.75,2.55,3.4,2.75,2.7,3.3,2.6,2.5,3.3,2.75,2.62,3.43,2.84,2.62,3.2,2.75,2.55,3.4,2.9,39,2.7,2.55,3.5,3.35,2.93,2.79,38,2,1.91,1.96,1.89,20,-0.25,2.25,2.2018,1.76,1.71,2.9,3.3,2.65
SP1,03/02/2018,31,34,2,2,D,1,1,D,12,23,4,9,14,7,4,6,3,3,0,0,13,7,1.19,14,7.75,1.2018,11,6,1.25,15,7,1.2,14.8,7.5,1.21,13,6.5,1.2,15,7.5,1.2,39,16,13.5,7.78,7.06,1.25,1.2,31,1.4,1.35,3.35,3.13,20,2,2.01,1.95,1.96,1.91,13.4,7.72,1.22
SP1,04/02/2018,40,37,1,0,H,0,0,D,14,9,4,0,2018,4,9,1,1,1,0,0,1.44,4.33,7.5,1.48,4.2,7.25,1.57,3.9,6.1,1.5,4.2,6.5,1.51,4.48,7.28,1.5,4,7,1.45,4.4,7,39,1.57,1.49,4.55,4.3,7.9,6.89,37,1.82,1.76,2.13,2.05,20,-1,1.84,1.8,2.11,2.07,1.49,4.24,8.63
SP1,04/02/2018,27,23,1,1,D,0,0,D,7,12,2,2,15,12,0,7,5,3,0,0,9.5,5.25,1.33,9.5,5.25,1.33,9.5,5.5,1.3,9,4.8,1.36,9.2,5.35,1.37,9,5,1.33,9,5.4,1.36,37,10.5,9.15,5.6,5.12,1.39,1.34,34,1.7,1.65,2.39,2.23,19,1.5,1.9,1.84,2.08,2.03,8.85,4.68,1.43
SP1,04/02/2018,28,30,0,0,D,0,0,D,11,2,1,1,2017,20,5,2,2,6,0,0,1.9,3.2,4.5,1.91,3.25,4.6,2,3.2,4.1,1.95,3.1,4.4,1.96,3.25,4.83,2,3,4.4,1.95,3.25,4.75,39,2.02,1.95,3.29,3.2017,4.83,4.53,36,2.75,2.64,1.52,1.47,2018,-0.75,2.3,2.26,1.71,1.67,1.93,3.37,4.77
SP1,04/02/2018,104,22,2,0,H,1,0,H,8,9,3,0,13,14,2,4,1,1,0,0,2.39,3.29,3,2.5,3.25,2.9,2.5,3.3,2.85,2.5,3.1,2.9,2.57,3.26,3.04,2.5,3.2,2.9,2.45,3.25,3,39,2.6,2.51,3.32,3.21,3.1,2.94,37,2.28,2.2017,1.75,1.68,2018,-0.25,2.16,2.12,1.8,1.75,2.28,3.44,3.39
SP1,05/02/2018,107,109,1,0,H,0,0,D,11,9,4,3,11,2017,4,2,2,3,0,0,2.25,3.39,3.2,2.25,3.3,3.3,2.2,3.3,3.4,2.25,3.3,3.2,2.32,3.4,3.33,2.25,3.4,3.1,2.25,3.4,3.2,38,2.4,2.27,3.51,3.37,3.4,3.19,37,2.02,1.95,1.92,1.86,19,-0.25,1.98,1.93,1.97,1.92,2.22,3.71,3.27
SP1,09/02/2018,22,107,0,0,D,0,0,D,11,8,5,2,20,29,5,2,4,4,0,0,1.44,4.5,7.5,1.45,4.33,6.5,1.5,4.2,6.5,1.44,4.4,7,1.45,4.83,7.81,1.44,4.5,7,1.45,4.6,7.5,40,1.5,1.44,4.83,4.54,8.01,7.32,37,1.74,1.68,2.25,2.2017,21,-1.25,2.04,1.98,1.9,1.87,1.44,4.91,7.75
SP1,10/02/2018,30,26,0,1,A,0,0,D,2,19,0,6,14,6,1,10,4,2,1,0,2.87,3.1,2.62,2.85,2.95,2.65,2.75,3.1,2.7,2.87,2.9,2.65,2.97,3.1,2.74,3,2.9,2.6,2.9,3.1,2.75,40,3,2.89,3.16,3.02,2.79,2.68,36,2.7,2.58,1.55,1.49,19,0.25,1.69,1.66,2.35,2.26,2.87,3.11,2.82
SP1,10/02/2018,109,40,0,1,A,0,1,A,13,5,3,1,22,19,3,3,3,2,0,0,7.5,3.6,1.57,6.5,3.7,1.55,6.5,4.2,1.5,7,3.5,1.6,7.11,3.82,1.61,7,3.6,1.57,7,3.75,1.62,40,7.5,6.72,4.2,3.68,1.65,1.59,37,2.67,2.54,1.55,1.51,20,0.75,2.14,2.07,1.83,1.79,6.25,3.88,1.65
SP1,10/02/2018,34,35,5,2,H,4,0,H,2018,8,9,3,11,10,5,3,2,1,0,0,1.19,7,13,1.2,7,10.5,1.25,7,9,1.25,6.5,10,1.26,7.48,10.25,1.22,7,10,1.25,7,10.5,40,1.3,1.25,7.5,6.87,13,9.79,31,1.23,1.2,4.9,4.38,20,-2,2.07,2.01,1.91,1.86,1.28,6.96,10.01
SP1,10/02/2018,39,21,1,2,A,0,1,A,27,5,6,4,15,15,13,2,4,4,0,0,1.66,4,5,1.67,3.5,5.25,1.65,3.8,5.3,1.67,3.6,5.25,1.7,3.81,5.69,1.67,3.6,5.5,1.7,3.9,5.5,40,1.74,1.69,4,3.72,5.69,5.27,38,2.13,2.05,1.88,1.77,20,-1,2.31,2.26,1.71,1.67,1.71,3.64,6.07
SP1,11/02/2018,23,28,0,0,D,0,0,D,12,10,6,1,7,13,9,3,2,3,0,0,1.12,9,19,1.1,9.25,19,1.12,9,20,1.11,9.5,19,1.12,11.25,23.5,1.11,9,21,1.09,10,29,40,1.15,1.11,11.25,9.49,29,21.04,31,1.36,1.3,3.65,3.39,20,-2.5,1.97,1.93,1.98,1.94,1.14,8.8,24.5
SP1,11/02/2018,25,27,2,2,D,1,1,D,2018,3,7,2,9,16,9,1,3,4,0,0,1.9,3.6,4,1.83,3.4,4.33,1.8,3.6,4.5,1.85,3.4,4.2,1.89,3.57,4.62,1.85,3.4,4.4,1.85,3.6,4.3,38,1.94,1.87,3.67,3.51,4.62,4.27,36,2.06,1.99,1.87,1.82,19,-0.75,2.21,2.14,1.77,1.74,1.89,3.58,4.61
SP1,11/02/2018,36,104,1,0,H,0,0,D,13,14,4,6,13,19,7,2,2,2,0,0,1.72,3.79,4.75,1.67,3.9,4.75,1.6,4,5.5,1.7,3.75,4.75,1.72,4.06,5.04,1.67,4,4.8,1.7,3.9,4.8,40,1.76,1.7,4.06,3.86,5.5,4.85,37,1.82,1.75,2.12,2.06,20,-1,2.33,2.25,1.72,1.67,1.61,4.13,6.2
SP1,11/02/2018,37,31,3,1,H,1,1,D,2018,5,8,1,10,19,7,9,3,4,0,0,1.5,4.33,6.5,1.48,4.1,6.75,1.55,4,6.2,1.5,4.25,6,1.54,4.59,6.25,1.5,4.4,6,1.5,4.5,6.25,40,1.56,1.51,4.7,4.38,6.75,6.16,37,1.68,1.63,2.45,2.26,21,-1,1.91,1.84,2.07,2.02,1.52,4.33,7.23
SP1,12/02/2018,108,24,0,1,A,0,0,D,16,10,2,4,19,7,8,1,2,0,0,0,2.2,3.6,3.1,2.2,3.5,3,2.4,3.3,2.95,2.2,3.6,3,2.25,3.76,3.2018,2.2,3.6,3,2.25,3.7,3,38,2.4,2.24,3.78,3.61,3.21,3.04,35,1.63,1.59,2.45,2.33,2018,-0.25,2.01,1.94,1.96,1.91,2.23,3.68,3.28
SP1,16/02/2018,104,30,3,0,H,2,0,H,10,10,5,5,12,10,4,4,3,5,0,0,1.85,3.25,5,1.87,3.4,4.6,2,3.4,3.8,1.83,3.2,4.8,1.86,3.39,5.19,1.91,3.1,4.75,1.87,3.3,5.25,39,2,1.87,3.47,3.31,5.25,4.82,36,2.66,2.52,1.57,1.52,19,-0.25,1.63,1.59,2.51,2.44,1.77,3.49,5.73
SP1,17/02/2018,21,108,1,0,H,0,0,D,14,5,3,0,2017,14,9,3,2,3,0,0,1.9,3.39,4.33,1.91,3.5,4.1,1.85,3.5,4.3,1.87,3.4,4.25,1.88,3.56,4.72,1.85,3.5,4.33,1.93,3.5,4.4,39,1.96,1.88,3.64,3.5,4.72,4.32,38,2.15,2.05,1.83,1.77,2018,-0.75,2.23,2.15,1.78,1.73,2.04,3.51,4.01
SP1,17/02/2018,26,23,0,2,A,0,1,A,13,10,3,6,13,6,6,0,3,1,1,0,6.5,4.75,1.44,6.75,4.5,1.48,7.2,4.4,1.45,6.5,4.33,1.5,6.9,4.72,1.5,6.5,4.2,1.5,6.5,4.75,1.5,39,7.2,6.59,4.75,4.48,1.53,1.49,36,1.67,1.62,2.38,2.28,19,1.25,1.82,1.79,2.14,2.08,8.23,5.06,1.42
SP1,17/02/2018,107,36,1,2,A,0,1,A,11,12,3,6,15,2018,7,5,2,5,0,0,3.5,3.6,2.04,3.4,3.7,2.05,3.5,3.4,2.1,3.4,3.6,2,3.63,3.82,2.05,3.5,3.6,2,3.5,3.8,2.1,39,3.66,3.48,3.85,3.68,2.12,2.04,37,1.7,1.64,2.33,2.25,19,0.25,2.2017,2.1,1.82,1.77,3.6,3.72,2.09
SP1,17/02/2018,109,37,1,2,A,1,0,H,9,10,3,3,19,2018,7,2,2,4,1,0,3.6,3.5,2.04,3.6,3.5,2.05,4.1,3.5,1.9,3.7,3.25,2.05,3.87,3.44,2.1,3.75,3.3,2.05,3.75,3.5,2.1,39,4.1,3.75,3.53,3.39,2.14,2.06,38,2.14,2.05,1.83,1.77,2018,0.25,2.19,2.1,1.81,1.77,3.9,3.6,2.04
SP1,18/02/2018,40,22,2,0,H,0,0,D,14,4,4,0,6,12,5,2,3,2,0,0,1.44,4.2,8.5,1.45,4,8.75,1.45,4.5,7,1.44,4,9.5,1.43,4.35,10.22,1.44,4,8.5,1.4,4.2,9.5,39,1.48,1.43,4.5,4.13,10.3,9.28,36,2.5,2.39,1.62,1.56,19,-1.25,2.14,2.08,1.83,1.79,1.39,4.54,11.54
SP1,18/02/2018,24,34,3,5,A,2,1,H,20,12,5,9,7,15,7,5,3,5,0,0,9,6,1.3,8.25,5.5,1.34,8,5.3,1.35,8,5.5,1.33,8.4,6.28,1.34,8,5.5,1.33,8,5.75,1.33,39,9.2,7.98,6.28,5.81,1.37,1.33,33,1.28,1.23,4.5,4.05,19,1.75,1.88,1.84,2.1,2.03,8.6,6.45,1.33
SP1,18/02/2018,27,39,1,1,D,0,1,A,15,8,3,3,7,19,2,5,1,7,0,0,2.5,3.25,2.89,2.5,3.1,3.1,2.5,3.3,2.85,2.5,3.1,3,2.52,3.24,3.14,2.5,3.1,3,2.45,3.25,3,37,2.65,2.49,3.35,3.2018,3.14,3,35,2.42,2.29,1.67,1.62,2018,-0.25,2.2017,2.11,1.8,1.76,2.37,3.36,3.27
SP1,18/02/2018,35,31,3,0,H,2,0,H,13,9,3,1,12,13,2,4,0,2,0,0,1.57,4.2,5.75,1.6,4.1,5.5,1.6,4,5.5,1.57,4,5.25,1.65,4.21,5.49,1.6,4.2,5,1.6,4.3,5.75,39,1.65,1.61,4.33,4.13,6,5.46,36,1.66,1.6,2.4,2.31,20,-1,2.08,2,1.93,1.86,1.52,4.64,6.56
SP1,19/02/2018,28,25,3,0,H,1,0,H,9,4,5,1,21,15,5,5,4,3,0,0,2.5,3.29,2.87,2.4,3.3,3,2.3,3.3,3.15,2.4,3.2,2.9,2.49,3.42,3.02,2.5,3.2,2.88,2.45,3.4,2.9,3,2.58,2.45,3.46,3.31,3.15,2.93,3,2.11,2.04,1.83,1.77,1,-0.25,2.14,2.09,1.82,1.78,2.86,3.27,2.71
SP1,21/02/2018,30,34,1,3,A,1,2,A,7,13,3,7,2018,7,6,5,3,1,0,0,11,6,1.25,10,6,1.28,10.5,5.8,1.27,12,5.5,1.25,12.4,5.99,1.29,10,5.5,1.29,13,6,1.29,40,13,11.19,6.09,5.77,1.31,1.28,36,1.6,1.54,2.62,2.44,20,2,1.66,1.62,2.41,2.35,7.99,4.82,1.44
SP1,23/02/2018,108,27,0,0,D,0,0,D,2017,9,4,1,9,10,4,2,5,1,0,0,2.54,3.2,2.87,2.55,3.1,3,2.5,3.2,2.9,2.6,3.1,2.8,2.65,3.27,2.92,2.5,3.2,2.88,2.63,3.25,2.9,36,2.71,2.58,3.3,3.2018,3.05,2.89,34,2.27,2.19,1.73,1.68,2018,-0.25,2.26,2.21,1.8,1.72,2.57,3.27,3.02
SP1,24/02/2018,23,104,6,1,H,4,1,H,21,10,14,4,11,11,5,3,1,1,0,0,1.14,8,19,1.13,9.75,15.5,1.15,7.5,2018,1.14,8,21,1.14,9.45,22.25,1.14,8.5,15,1.15,8.5,23,39,1.2017,1.14,9.75,8.46,23,2018.42,33,1.4,1.34,3.4,3.2,19,-2.25,1.98,1.91,2,1.95,1.16,8.48,20.5
SP1,24/02/2018,25,26,2,0,H,0,0,D,8,15,3,2,11,16,3,9,2,3,0,0,2,3.5,3.7,2,3.5,3.8,2,3.4,3.8,2,3.5,3.6,2.04,3.56,3.94,2.05,3.4,3.6,2.1,3.6,3.7,39,2.1,2.02,3.63,3.51,3.94,3.73,38,1.9,1.83,2.05,1.98,19,-0.25,1.79,1.74,2.2,2.14,2.04,3.56,3.94
SP1,24/02/2018,30,107,0,0,D,0,0,D,11,4,2,1,22,2017,6,5,4,5,0,0,1.8,3.5,4.75,1.83,3.4,4.75,1.85,3.5,4.3,1.8,3.4,4.6,1.85,3.52,4.93,1.85,3.4,4.4,1.87,3.5,4.8,39,1.9,1.84,3.6,3.46,4.93,4.62,37,2.25,2.2018,1.74,1.68,2018,-0.75,2.14,2.08,1.84,1.78,1.75,3.68,5.52
SP1,24/02/2018,34,21,4,0,H,1,0,H,25,11,10,5,9,14,9,5,1,2,0,0,1.14,8.5,2017,1.14,8.75,2018,1.15,8,16,1.13,8.5,19,1.15,9.83,2017.9,1.14,8.5,15,1.2017,9,2017,39,1.2018,1.15,9.89,8.74,20,2017.05,32,1.3,1.25,4.2,3.87,19,-2.25,1.85,1.79,2.13,2.07,1.19,8.35,15.5
SP1,25/02/2018,22,109,2,1,H,2,1,H,8,8,6,4,12,2018,6,4,3,3,0,1,1.75,3.5,5.25,1.7,3.6,5.5,1.65,3.8,5.3,1.7,3.4,5.5,1.72,3.66,5.8,1.67,3.6,5.5,1.7,3.6,5.4,39,1.76,1.71,3.8,3.56,5.85,5.43,35,2.33,2.24,1.7,1.64,2018,-0.75,1.97,1.92,1.97,1.93,1.67,3.7,6.48
SP1,25/02/2018,36,40,2,5,A,0,2,A,10,13,5,8,10,24,5,4,3,3,0,0,3.39,3.2,2.25,3.2,3.3,2.3,2.95,3.3,2.4,3.2,3.1,2.3,3.33,3.34,2.35,3.2,3.3,2.25,3.13,3.3,2.3,39,3.5,3.22,3.41,3.25,2.4,2.3,35,2.25,2.16,1.76,1.69,2018,0.25,1.91,1.87,2.04,1.98,3.29,3.26,2.41
SP1,25/02/2018,37,35,2,1,H,1,0,H,7,9,4,3,12,9,4,4,2,3,0,0,1.7,4,4.75,1.7,4.1,4.6,1.65,3.8,5.3,1.67,4,4.6,1.72,4.2,4.86,1.7,4,4.5,1.7,4.2,4.5,39,1.77,1.7,4.29,4.09,5.3,4.54,34,1.56,1.51,2.65,2.52,2018,-1,2.25,2.19,1.75,1.7,1.78,4.07,4.64
SP1,25/02/2018,39,28,1,0,H,1,0,H,10,3,4,2,14,21,2,8,5,3,0,0,1.75,3.75,4.75,1.83,3.5,4.6,1.8,3.6,4.5,1.8,3.4,4.75,1.83,3.55,5.04,1.8,3.5,4.6,1.83,3.7,4.75,39,1.88,1.81,3.75,3.51,5.04,4.62,36,2.21,2.13,1.77,1.7,16,-0.25,1.61,1.58,2.52,2.44,1.81,3.67,4.97
SP1,26/02/2018,31,24,0,2,A,0,0,D,12,15,2,6,2017,8,5,5,5,2,0,0,2.5,3.29,2.87,2.5,3.4,2.8,2.5,3.3,2.85,2.4,3.4,2.87,2.46,3.51,3,2.4,3.5,2.8,2.4,3.5,2.88,38,2.59,2.44,3.56,3.41,3,2.86,35,1.87,1.79,2.09,2.01,2018,-0.25,2.13,2.08,1.83,1.78,2.42,3.61,2.98
SP1,27/02/2018,27,34,1,0,H,0,0,D,16,12,7,5,15,10,3,8,1,1,0,0,6,4.33,1.53,6.5,4.33,1.5,6.5,4.2,1.5,5.75,4.2,1.57,6.24,4.43,1.56,6,4.33,1.5,6,4.4,1.57,36,6.7,5.91,4.55,4.3,1.61,1.56,33,1.7,1.63,2.38,2.28,20,1,2,1.94,1.97,1.93,5.32,4.2018,1.67
SP1,27/02/2018,104,25,1,0,H,1,0,H,11,10,2,2,9,10,6,4,3,2,0,0,2.29,3.5,3,2.4,3.4,2.95,2.3,3.3,3.15,2.35,3.3,2.9,2.4,3.53,3.07,2.3,3.25,3.1,2.4,3.5,3,38,2.47,2.37,3.6,3.43,3.2018,3.01,37,1.91,1.85,2.06,1.96,20,-0.25,2.09,2.04,1.87,1.83,2.4,3.48,3.11
SP1,28/02/2018,22,37,1,1,D,0,1,A,11,6,4,4,16,16,6,1,1,2,0,0,2.62,3.2,2.79,2.55,3.3,2.8,2.6,3.3,2.7,2.55,3.25,2.75,2.72,3.35,2.79,2.5,3.3,2.8,2.63,3.3,2.8,38,2.72,2.61,3.4,3.29,2.89,2.76,37,2.05,1.96,1.92,1.84,2018,-0.25,2.31,2.24,1.74,1.69,2.47,3.25,3.19
SP1,28/02/2018,40,30,4,0,H,2,0,H,15,9,8,3,10,10,5,1,1,3,0,0,1.25,5.25,15,1.25,5.5,15,1.22,6.2,13.5,1.25,5,19,1.27,5.39,2018.25,1.25,5,2017,1.25,5.25,20,38,1.3,1.26,6.2,5.24,21.9,2017.16,36,2.32,2.23,1.73,1.65,2018,-1.5,1.95,1.91,2,1.96,1.26,5.5,20.05
SP1,28/02/2018,26,39,1,0,H,1,0,H,13,11,1,3,2018,8,6,4,4,2,0,0,2.2,3.2,3.6,2.25,3.2,3.4,2.4,3.2,3.05,2.25,3.2,3.25,2.2,3.39,3.63,2.25,3.3,3.2,2.25,3.4,3.4,38,2.4,2.23,3.49,3.3,3.63,3.38,36,2.14,2.06,1.81,1.76,19,-0.25,1.96,1.9,2.02,1.96,2.2017,3.28,3.85
SP1,28/02/2018,28,108,3,0,H,2,0,H,14,9,5,1,6,9,10,6,2,4,0,0,1.9,3.39,4.33,1.91,3.4,4.25,1.8,3.6,4.5,1.87,3.4,4.2,1.91,3.54,4.56,1.85,3.4,4.4,1.93,3.5,4.4,38,1.99,1.9,3.66,3.47,4.56,4.3,36,2.14,2.07,1.81,1.75,2017,-0.25,2.23,2.2017,1.76,1.72,1.82,3.52,5.23
SP1,28/02/2018,109,36,0,1,A,0,1,A,8,6,0,4,19,14,9,4,2,2,0,0,3.5,3.2,2.14,3.4,3.4,2.15,4.1,3.5,1.9,3.3,3.25,2.2,3.53,3.41,2.23,3.3,3.3,2.2,3.4,3.3,2.25,38,4.1,3.43,3.5,3.34,2.3,2.19,36,2.13,2.04,1.83,1.77,2018,0.25,2,1.96,1.94,1.9,3.41,3.45,2.27
SP1,01/03/2018,21,31,1,0,H,0,0,D,15,6,5,1,14,2017,5,3,4,4,1,1,1.8,3.39,5,1.8,3.4,5,1.7,3.7,5,1.8,3.3,5,1.87,3.45,5,1.8,3.4,4.75,1.8,3.5,4.75,38,1.91,1.81,3.7,3.45,5.4,4.84,36,2.45,2.3,1.67,1.61,2018,-0.25,2.2017,2.1,1.8,1.78,1.92,3.37,4.83
SP1,01/03/2018,24,35,0,0,D,0,0,D,8,13,4,5,11,7,4,10,2,0,0,0,2.79,3.39,2.39,2.65,3.6,2.55,2.65,3.3,2.65,2.6,3.6,2.45,2.78,3.88,2.45,2.45,3.75,2.4,2.63,3.8,2.45,38,2.82,2.68,3.88,3.68,2.65,2.47,32,1.56,1.49,2.71,2.56,2017,0.25,1.81,1.75,2.23,2.13,2.75,3.64,2.59
SP1,01/03/2018,107,23,1,1,D,0,1,A,12,10,1,4,2018,13,6,6,6,3,0,0,15,7.5,1.2018,12.5,7.25,1.2,13,7,1.2,13,6.5,1.2,14.23,7.5,1.22,13,6.5,1.2,13,7.5,1.2018,37,15,13.28,7.51,7.1,1.25,1.21,29,1.38,1.35,3.38,3.14,2018,2,2.04,1.99,1.91,1.87,2018,9.5,1.16
SP1,03/03/2018,108,26,1,1,D,1,1,D,7,16,2,3,6,8,2,9,1,2,1,0,2.79,3.1,2.7,2.65,3.3,2.7,2.6,3.25,2.75,2.65,3.2,2.65,2.8,3.35,2.71,2.7,3.3,2.6,2.8,3.3,2.75,38,2.81,2.71,3.37,3.26,2.8,2.69,36,2.1,2.02,1.91,1.8,2018,-0.25,2.39,2.31,1.68,1.65,3.22,3.35,2.4
SP1,03/03/2018,30,109,2,0,H,0,0,D,10,4,3,1,11,14,6,1,1,1,0,0,2.14,2.89,4,2.15,3,4,2,3.4,3.8,2.15,3,3.8,2.22,3.09,3.98,2.1,3,4,2.2,3.1,4,38,2.26,2.2017,3.4,3.03,4.1,3.92,34,3.08,2.84,1.47,1.41,20,-0.25,1.88,1.83,2.09,2.03,2.25,3.05,3.97
SP1,03/03/2018,34,28,3,1,H,2,0,H,14,4,6,4,13,2018,8,0,1,3,0,1,1.19,7.5,13,1.2,7,13,1.25,6,11,1.22,6.5,13,1.24,7,13.4,1.2,7,12,1.22,7.5,13,38,1.25,1.21,7.5,6.91,2017,12.8,33,1.4,1.35,3.3,3.13,20,-2,2.03,1.97,1.95,1.89,1.22,7.2,14.3
SP1,03/03/2018,36,22,2,0,H,2,0,H,2018,10,8,3,14,13,8,4,2,3,0,0,1.7,3.75,5.25,1.72,3.75,5,1.7,3.7,5,1.75,3.6,4.6,1.71,3.94,5.32,1.75,3.6,4.75,1.8,3.8,4.8,38,1.83,1.75,3.94,3.73,5.32,4.84,37,1.94,1.87,2,1.94,20,-0.75,2,1.94,2.02,1.91,1.61,4.07,6.29
SP1,03/03/2018,39,104,0,2,A,0,1,A,14,4,5,3,14,2018,7,2,4,1,0,0,1.8,3.39,4.75,1.8,3.6,4.6,1.8,3.6,4.5,1.83,3.5,4.33,1.85,3.68,4.65,1.83,3.4,4,1.87,3.6,4.6,38,1.88,1.83,3.72,3.56,4.85,4.54,37,2.06,1.97,1.9,1.84,19,-0.75,2.16,2.08,1.84,1.79,1.71,3.88,5.42
SP1,04/03/2018,23,40,1,0,H,1,0,H,16,6,5,1,16,20,12,1,2,2,0,0,1.72,3.79,4.75,1.75,3.8,4.75,1.8,3.6,4.5,1.7,3.6,4.8,1.72,3.88,5.32,1.65,3.6,4.8,1.73,3.8,5.25,38,1.8,1.73,3.9,3.76,5.32,4.91,37,1.96,1.89,2,1.91,19,-0.75,1.96,1.92,1.99,1.94,1.66,4.07,5.7
SP1,04/03/2018,31,27,1,1,D,0,0,D,13,15,4,3,14,13,2,1,0,3,0,0,3.1,3.1,2.45,3,3.1,2.55,2.7,3.1,2.75,3,3,2.45,3.14,3.19,2.54,3,3,2.5,3.13,3.2,2.5,35,3.2,3.06,3.28,3.12,2.75,2.5,32,2.45,2.36,1.63,1.59,19,0.25,1.82,1.78,2.14,2.1,3.37,2.98,2.54
SP1,04/03/2018,35,21,2,1,H,2,1,H,14,3,5,1,10,13,8,4,0,1,0,0,1.64,4,5.25,1.65,4,5.25,1.8,3.6,4.5,1.67,3.8,5.2,1.68,3.98,5.59,1.67,3.8,5,1.67,3.8,5.25,38,1.8,1.68,4.1,3.87,5.64,5.1,37,1.88,1.82,2.06,1.99,19,-0.75,1.91,1.86,2.05,2,1.61,4.1,6.32
SP1,04/03/2018,37,24,2,0,H,1,0,H,12,9,6,4,14,11,7,0,1,4,0,0,1.44,4.75,6.5,1.5,4.75,5.75,1.5,4.5,6,1.44,4.6,6.5,1.45,5.03,7.25,1.44,4.75,6,1.45,4.8,6.5,38,1.51,1.47,5.04,4.77,7.25,6.3,33,1.5,1.43,3,2.75,19,-1.25,2.02,1.97,1.91,1.89,1.53,4.67,6.37
SP1,05/03/2018,25,107,2,1,H,0,0,D,14,10,6,3,13,15,10,7,1,2,0,0,1.44,4.33,7,1.42,4.5,8,1.45,4.5,7,1.44,4.5,7,1.43,4.93,8,1.44,4.6,6.5,1.44,4.8,7,37,1.48,1.44,5.01,4.62,8.26,7.23,34,1.64,1.58,2.55,2.34,2018,-1.25,2,1.95,1.96,1.91,1.36,5.35,9.5
SP1,09/03/2018,104,108,2,0,H,1,0,H,9,8,6,4,2017,16,2,2,1,4,0,0,1.55,4.2,5.5,1.62,3.9,5.75,1.6,4,5.5,1.6,3.8,5.75,1.6,4.09,6.38,1.6,4,5.5,1.61,4.2,5.75,38,1.67,1.61,4.2,3.98,6.38,5.73,36,1.94,1.87,2.05,1.93,19,-0.75,1.8,1.76,2.19,2.12,1.69,3.91,5.64
SP1,10/03/2018,26,34,1,2,A,0,1,A,12,12,3,6,12,7,8,6,1,1,0,0,5.75,4.75,1.5,5.75,4.75,1.5,6.2,4,1.55,5.8,4.4,1.5,6.23,4.69,1.53,6,4.2,1.53,6,4.75,1.53,40,6.32,5.92,4.8,4.55,1.56,1.52,34,1.53,1.47,2.76,2.62,22,1,2.1,2.05,1.86,1.82,6.58,5.02,1.48
SP1,10/03/2018,28,31,0,1,A,0,0,D,11,12,4,4,14,16,4,7,5,7,0,1,1.75,3.5,5.25,1.7,3.6,5.5,1.7,3.7,5,1.7,3.4,5.5,1.74,3.63,5.75,1.73,3.3,5.5,1.73,3.6,6,40,1.77,1.71,3.75,3.54,6,5.48,37,2.42,2.32,1.65,1.6,20,-0.75,1.98,1.93,1.97,1.93,1.66,3.86,6.12
SP1,10/03/2018,109,23,0,2,A,0,2,A,6,20,2,9,15,9,2,5,1,1,1,0,13,6,1.25,12,6,1.25,11,6,1.25,13,5.5,1.25,13.92,6.14,1.27,13,5.5,1.25,13,6,1.25,40,15,12.44,6.51,5.82,1.3,1.26,36,1.66,1.61,2.41,2.3,19,1.5,2.12,2.08,1.84,1.79,10.3,5.22,1.36
SP1,10/03/2018,36,37,0,2,A,0,1,A,21,10,5,5,15,15,7,3,4,2,0,0,2,3.5,3.79,2.05,3.5,3.6,2.2,3.5,3.15,2,3.6,3.4,2.07,3.68,3.7,2.1,3.4,3.4,2.05,3.6,3.6,39,2.2,2.06,3.73,3.58,3.79,3.52,36,1.74,1.68,2.24,2.2017,20,-0.25,1.84,1.78,2.2017,2.09,2.04,3.69,3.78
SP1,11/03/2018,22,30,2,0,H,2,0,H,13,12,5,1,12,14,3,6,2,5,0,0,1.9,3.29,4.5,1.91,3.2,4.6,1.9,3.5,4.1,1.91,3.1,4.5,1.94,3.27,4.91,1.95,3.2,4.33,1.91,3.25,4.6,40,2,1.93,3.5,3.21,4.91,4.56,36,2.74,2.59,1.53,1.48,2018,-0.5,1.96,1.92,1.98,1.94,1.85,3.29,5.55
SP1,11/03/2018,40,25,3,0,H,1,0,H,7,8,3,2,14,10,6,4,1,2,0,0,1.39,4.75,8,1.4,4.6,8.5,1.4,4.8,7.5,1.4,4.4,8,1.43,4.73,8.57,1.4,4.5,8,1.44,4.75,8.5,40,1.46,1.42,4.8,4.57,8.75,8,39,1.89,1.83,2.04,1.97,20,-1.25,2,1.96,1.93,1.9,1.33,5.35,11.65
SP1,11/03/2018,27,35,2,1,H,0,1,A,2018,11,7,5,2018,14,6,4,0,2,0,0,2.87,3.1,2.62,2.7,3.2,2.7,2.6,3.3,2.7,2.75,3.1,2.6,2.82,3.33,2.7,2.7,3.1,2.7,2.8,3.4,2.63,38,2.87,2.75,3.4,3.24,2.75,2.66,35,2.19,2.1,1.81,1.73,2018,0.25,1.71,1.67,2.31,2.26,3.21,3.21,2.48
SP1,11/03/2018,107,39,0,2,A,0,0,D,9,11,3,4,15,2017,7,3,1,1,1,0,3.5,3.5,2.1,3.4,3.4,2.15,3.15,3.3,2.3,3.5,3.3,2.1,3.67,3.45,2.16,3.3,3.3,2.2,3.5,3.5,2.1,40,3.7,3.47,3.53,3.4,2.3,2.13,39,2.06,1.98,1.95,1.83,20,0.25,2.08,2.03,1.86,1.83,3.47,3.64,2.16
SP1,12/03/2018,21,24,1,3,A,0,2,A,9,10,1,4,2018,2017,6,2,2,3,0,0,2.14,3.29,3.6,2.15,3.4,3.4,2.2,3.35,3.3,2.15,3.3,3.4,2.16,3.46,3.66,2.15,3.3,3.4,2.15,3.4,3.4,39,2.23,2.15,3.51,3.37,3.68,3.45,38,2.08,1.99,1.91,1.82,20,-0.25,1.9,1.85,2.06,2,2.25,3.42,3.46
SP1,16/03/2018,31,26,2,1,H,1,0,H,6,13,3,4,11,11,4,5,4,3,0,0,3.2,3.2,2.37,3.2,3.25,2.35,2.95,3.2,2.5,3.1,3.1,2.37,3.21,3.31,2.43,3.1,3.1,2.4,3.2,3.3,2.4,39,3.29,3.13,3.37,3.21,2.5,2.4,36,2.31,2.24,1.71,1.64,2018,0.25,1.88,1.83,2.08,2.03,3.43,3.39,2.28
SP1,17/03/2018,24,27,3,0,H,1,0,H,9,4,4,1,15,11,3,5,1,3,0,0,2.2,3.39,3.29,2.25,3.25,3.4,2.1,3.4,3.5,2.2,3.25,3.25,2.27,3.39,3.45,2.25,3.3,3.2,2.25,3.4,3.4,39,2.32,2.24,3.49,3.33,3.5,3.33,38,2.09,2.03,1.89,1.79,20,-0.25,1.97,1.92,1.98,1.93,2.29,3.32,3.48
SP1,17/03/2018,108,107,1,1,D,1,1,D,13,8,3,1,24,12,9,2,3,3,0,0,1.72,3.75,5,1.75,3.7,4.75,1.8,3.6,4.5,1.73,3.75,4.6,1.77,3.88,4.95,1.73,3.8,4.5,1.75,3.8,4.8,42,1.81,1.75,3.95,3.79,5.05,4.73,39,1.83,1.74,2.2017,2.08,21,-0.75,2,1.95,1.95,1.91,1.7,3.94,5.45
SP1,17/03/2018,35,28,1,2,A,1,1,D,8,9,2,5,13,21,7,1,3,7,0,0,1.72,3.6,5.25,1.7,3.7,5.25,1.75,3.6,4.8,1.7,3.7,5,1.75,3.92,5.01,1.7,3.75,4.8,1.75,3.9,5,42,1.79,1.72,4,3.77,5.3,4.91,41,1.95,1.89,1.99,1.91,20,-0.75,1.99,1.94,1.96,1.91,1.76,3.7,5.37
SP1,17/03/2018,37,21,3,1,H,2,0,H,24,16,10,4,8,14,9,2,1,1,0,0,1.44,4.5,7.5,1.45,4.33,7.75,1.4,4.8,7.5,1.44,4.33,7,1.47,4.64,7.73,1.44,4.4,7,1.45,4.6,7.5,42,1.49,1.45,4.8,4.51,8,7.33,39,1.81,1.74,2.19,2.08,20,-1.25,2.09,2.03,1.88,1.83,1.48,4.51,7.74
SP1,18/03/2018,23,22,2,0,H,2,0,H,2018,10,9,3,7,14,6,5,2,2,0,0,1.16,8,15,1.15,8,19,1.2017,7.5,15,1.13,8,26,1.16,8.49,21.78,1.14,7.5,19,1.13,8,29,42,1.19,1.15,8.57,7.87,29,19.54,38,1.51,1.46,2.85,2.68,20,-2.25,2.03,1.95,1.97,1.91,1.2017,8.35,21
SP1,18/03/2018,25,109,0,0,D,0,0,D,9,5,3,0,16,24,4,5,3,2,0,0,1.44,4.5,7,1.45,4.6,7,1.4,4.8,7.5,1.5,4,7,1.53,4.29,7.35,1.5,4.2,6.5,1.5,4.2,7,41,1.53,1.48,4.8,4.28,8,7.14,41,1.99,1.91,1.94,1.89,20,-1,1.93,1.84,2.09,2.03,1.58,4.12,6.76
SP1,18/03/2018,30,36,2,1,H,1,0,H,12,10,6,4,13,11,5,4,2,4,0,1,3.7,3.29,2.1,3.7,3.3,2.1,3.15,3.3,2.3,3.6,3.2,2.1,3.71,3.37,2.2018,3.5,3.25,2.15,3.7,3.3,2.2,42,3.8,3.62,3.44,3.27,2.3,2.15,39,2.28,2.19,1.73,1.67,20,0.25,2.06,2.02,1.88,1.84,3.88,3.4,2.12
SP1,18/03/2018,34,104,6,3,H,1,1,D,20,10,14,6,13,13,6,7,1,2,0,0,1.16,7.5,2017,1.2018,7.75,14,1.2,7,12.5,1.2,7,13,1.21,8.32,12.98,1.2018,7,13,1.2018,8,13,42,1.23,1.19,8.32,7.56,2017,12.98,32,1.25,1.22,4.3,4.06,20,-2.25,2.07,2.01,1.93,1.85,1.16,9.46,16.75
SP1,18/03/2018,39,40,2,1,H,0,1,A,2017,8,5,2,13,16,5,4,5,3,0,1,4.2,3.1,2.04,3.9,3.25,2.05,3.8,3.4,2,4,3.1,2,4.14,3.39,2.05,3.8,3.1,2.1,4,3.3,2,42,4.2,3.97,3.47,3.27,2.11,2.03,39,2.5,2.37,1.64,1.58,2018,0.25,2.19,2.14,1.77,1.74,3.92,3.37,2.11
SP1,31/03/2018,22,25,1,1,D,0,0,D,11,13,2,3,10,10,4,5,3,1,0,0,2.04,3.29,3.6,2.1,3.25,3.5,2.1,3.4,3.5,2.05,3.3,3.7,2.09,3.53,3.81,2.05,3.3,3.6,2.05,3.4,3.75,42,2.15,2.07,3.55,3.4,3.81,3.66,39,2.14,2.03,1.87,1.78,2018,-0.25,1.82,1.78,2.16,2.1,2.25,3.42,3.47
SP1,31/03/2018,104,31,1,1,D,0,0,D,12,15,5,6,13,12,5,7,1,3,0,0,1.57,3.79,6,1.62,3.7,5.5,1.65,3.8,5.3,1.6,3.75,5.75,1.62,4.02,6.27,1.62,3.6,6,1.62,3.8,6,42,1.67,1.62,4.02,3.81,6.35,5.82,41,2.07,2,1.87,1.8,19,-0.75,1.83,1.79,2.13,2.08,1.64,3.94,6.26
SP1,31/03/2018,107,34,0,3,A,0,2,A,2017,2017,3,7,11,2017,3,3,3,0,0,0,10,6,1.25,8.75,6.25,1.26,7.5,6,1.33,9.5,6,1.28,10.16,6.7,1.28,9,6,1.29,10,6.5,1.25,42,10.7,9.41,6.7,6.15,1.33,1.28,32,1.32,1.28,4.05,3.59,19,1.75,2.02,1.94,1.97,1.91,8.9,6.15,1.33
SP1,31/03/2018,36,23,2,2,D,1,0,H,21,20,6,9,11,7,5,9,2,0,0,0,4.75,4,1.66,4.75,3.9,1.67,5,4,1.65,4.4,3.8,1.73,4.89,4.04,1.75,4.5,3.8,1.73,4.4,4,1.75,42,5.13,4.64,4.07,3.88,1.8,1.73,39,1.69,1.63,2.38,2.26,19,0.75,1.98,1.9,2.03,1.95,4.64,4.02,1.78
SP1,01/04/2018,40,108,1,0,H,1,0,H,15,10,3,2,14,15,9,7,2,3,0,0,1.22,5.75,13,1.22,5.75,14,1.2,6.5,15,1.25,5.5,13,1.26,6.22,14.32,1.22,5.5,13,1.25,6,13,41,1.3,1.25,6.5,5.77,16,13.32,39,1.79,1.73,2.19,2.09,19,-1.75,2.07,2.02,1.88,1.84,1.36,5.13,10.39
SP1,01/04/2018,26,35,0,0,D,0,0,D,15,7,3,0,14,10,8,1,4,2,0,0,2.37,3.39,2.87,2.35,3.4,2.85,2.3,3.3,3.15,2.35,3.3,3,2.39,3.45,3.16,2.38,3.4,2.9,2.38,3.4,3,42,2.48,2.37,3.5,3.36,3.21,3.01,41,1.94,1.87,2.02,1.92,19,-0.25,2.08,2.02,1.88,1.83,2.34,3.41,3.28
SP1,01/04/2018,27,21,0,0,D,0,0,D,12,13,3,4,2018,12,6,5,3,2,0,0,2.04,3.2,3.75,2,3.2,3.9,2.2,3.2,3.5,2,3.1,4.2,2.03,3.25,4.46,2.05,3.1,4,2,3.25,4.1,40,2.2,2.02,3.38,3.2,4.46,4.06,36,2.67,2.47,1.58,1.53,2017,-0.5,2.04,2,1.9,1.86,1.91,3.32,4.66
SP1,01/04/2018,30,37,0,1,A,0,0,D,8,3,1,1,14,2017,5,2,3,4,0,0,3.75,3.39,2,3.8,3.25,2,3.8,3.4,2,3.75,3.25,2.05,3.95,3.41,2.09,3.75,3.25,2.05,3.75,3.4,2.05,42,4,3.79,3.52,3.34,2.15,2.04,39,2.2,2.13,1.78,1.71,2017,0.5,1.86,1.82,2.09,2.04,3.78,3.3,2.2018
SP1,01/04/2018,109,39,1,0,H,1,0,H,13,11,3,1,2017,13,3,6,2,3,0,0,3.5,3.2,2.14,3.2,3.2,2.25,3.3,3.35,2.2,3.5,3.1,2.15,3.72,3.33,2.19,3.4,3.25,2.15,3.5,3.3,2.15,41,3.72,3.5,3.47,3.25,2.26,2.2018,39,2.38,2.25,1.71,1.63,2018,0.25,2.05,1.99,1.91,1.86,4.38,3.49,1.96
SP1,02/04/2018,28,24,0,1,A,0,0,D,8,7,4,4,21,9,4,0,4,2,0,0,1.95,3.5,3.75,2,3.25,3.8,2,3.4,3.8,2,3.3,3.7,2.05,3.55,3.89,2,3.4,3.8,2,3.5,3.7,39,2.13,2.02,3.59,3.43,3.9,3.72,37,2.1,1.99,1.88,1.8,15,-0.25,1.79,1.76,2.19,2.12,2.22,3.38,3.59
SP1,06/04/2018,108,109,3,2,H,1,1,D,14,11,6,4,16,14,7,6,4,3,0,0,2.04,3.29,3.79,2.05,3.3,3.8,2,3.4,3.8,2.05,3.2,3.9,2.09,3.36,4.01,2,3.25,4,2.05,3.4,4,40,2.12,2.04,3.42,3.3,4.11,3.93,37,2.37,2.26,1.69,1.63,2017,-0.5,2.09,2.03,1.9,1.84,2.04,3.36,4.22
SP1,07/04/2018,21,28,2,0,H,0,0,D,11,5,2,1,2017,22,1,3,2,3,0,0,2.45,3,3.2,2.4,3.1,3.2,2.4,3.15,3.1,2.45,3,3.2,2.55,3.02,3.31,2.38,3,3.3,2.5,3.1,3.25,42,2.58,2.45,3.2018,3.05,3.4,3.22,37,2.79,2.59,1.54,1.48,21,-0.25,2.14,2.08,1.9,1.79,2.69,3.04,3.09
SP1,07/04/2018,23,30,3,1,H,2,0,H,12,11,6,1,14,12,5,3,2,4,0,0,1.12,9,21,1.13,8.5,21,1.12,9,20,1.12,8.5,29,1.12,10.05,28.06,1.14,7,26,1.13,9,26,42,1.16,1.13,10.05,8.54,31,22.73,32,1.47,1.42,3,2.8,19,-2.25,1.96,1.9,2.01,1.95,1.12,10.07,28.47
SP1,07/04/2018,24,26,2,0,H,1,0,H,13,5,4,2,10,11,7,8,2,2,0,0,2.25,3.39,3.25,2.25,3.3,3.3,2.2,3.35,3.3,2.25,3.3,3.2,2.28,3.43,3.39,2.2,3.3,3.3,2.3,3.4,3.3,42,2.35,2.25,3.52,3.37,3.4,3.25,41,2,1.93,1.93,1.87,19,-0.25,1.99,1.94,1.96,1.91,2.29,3.58,3.23
SP1,07/04/2018,25,36,4,0,H,1,0,H,12,16,6,6,8,12,3,10,1,2,0,0,2.2,3.39,3.29,2.15,3.5,3.3,2.2,3.35,3.3,2.15,3.4,3.25,2.23,3.53,3.42,2.2,3.3,3.3,2.25,3.5,3.3,42,2.28,2.19,3.6,3.44,3.46,3.32,41,1.89,1.81,2.07,1.99,20,-0.25,1.98,1.89,2.02,1.96,2.26,3.73,3.19
SP1,08/04/2018,31,107,2,1,H,1,0,H,11,2017,4,5,19,10,4,5,6,3,2,0,1.9,3.6,4,1.9,3.5,4.25,1.9,3.5,4.1,1.87,3.4,4.2,1.89,3.72,4.39,1.91,3.5,4,1.93,3.6,4.33,42,1.96,1.89,3.78,3.56,4.4,4.19,41,2.1,2,1.93,1.81,2017,-0.75,2.2,2.15,1.77,1.74,1.79,3.82,4.85
SP1,08/04/2018,34,40,1,1,D,0,0,D,30,9,8,5,12,2017,11,2,2,3,0,0,1.75,3.75,4.75,1.75,3.8,4.75,1.8,3.6,4.5,1.7,3.75,4.75,1.71,3.91,5.31,1.73,3.5,5,1.7,3.9,4.8,42,1.8,1.73,4.02,3.8,5.4,4.89,40,1.84,1.78,2.1,2.03,19,-0.75,1.95,1.91,1.99,1.94,1.81,3.78,4.77
SP1,08/04/2018,35,104,5,0,H,2,0,H,13,8,7,1,8,20,4,5,2,2,0,0,1.9,3.6,4,1.83,3.9,4.1,1.85,3.5,4.3,1.87,3.5,4,1.93,3.79,4.13,1.83,3.5,4.33,1.87,3.75,4,42,1.98,1.89,3.9,3.65,4.33,4.08,39,1.86,1.8,2.07,2,2017,-0.75,2.19,2.15,1.78,1.74,2.09,3.51,3.82
SP1,08/04/2018,37,27,1,0,H,1,0,H,14,21,6,6,2017,10,4,3,3,2,0,0,1.5,4.33,6.5,1.48,4.4,6.75,1.5,4.2,6.5,1.5,4,7,1.51,4.34,7.72,1.44,4,8,1.5,4.2,7,40,1.55,1.49,4.4,4.19,8,7.06,38,1.99,1.92,1.95,1.88,20,-1,1.89,1.84,2.05,2.02,1.44,4.58,8.81
SP1,09/04/2018,39,22,1,3,A,0,1,A,7,2017,2,13,2017,11,3,6,5,5,1,0,1.85,3.5,4.5,1.91,3.5,4.1,1.85,3.5,4.3,1.85,3.3,4.5,1.89,3.47,4.8,1.85,3.4,4.33,1.83,3.5,4.6,39,1.94,1.87,3.58,3.44,4.8,4.45,35,2.28,2.2018,1.75,1.67,15,-0.75,2.19,2.13,1.8,1.75,1.96,3.42,4.48
SP1,13/04/2018,104,24,0,1,A,0,1,A,9,10,4,2,23,2018,6,4,7,5,0,0,2.29,3.39,3.1,2.35,3.4,3,2.3,3.3,3.15,2.35,3.3,3,2.39,3.45,3.16,2.38,3.4,2.9,2.45,3.5,3,40,2.45,2.34,3.57,3.43,3.33,3.04,40,1.93,1.85,2.02,1.96,20,-0.25,2.08,2.03,1.93,1.84,2.15,3.48,3.67
SP1,14/04/2018,22,108,2,3,A,0,2,A,13,5,4,3,5,9,11,6,2,1,0,0,1.66,3.75,5.5,1.67,3.75,5.5,1.7,3.8,4.9,1.61,3.7,5.5,1.69,3.88,5.68,1.67,3.5,5.5,1.67,3.8,6,41,1.71,1.66,4.04,3.8,6,5.49,39,2.07,2.02,1.85,1.78,19,-0.75,1.87,1.84,2.07,2.03,1.63,4.15,5.81
SP1,14/04/2018,23,37,2,1,H,1,0,H,12,2017,7,6,9,11,6,5,2,2,0,0,1.28,6,9.5,1.3,5.75,9,1.33,5.3,8.7,1.28,5.5,10,1.32,6.05,9.95,1.3,5.5,9,1.3,6,10.5,41,1.33,1.3,6.2,5.81,10.5,9.46,36,1.45,1.4,3.1,2.88,20,-1.75,2.08,2.02,1.88,1.84,1.31,5.95,10.45
SP1,14/04/2018,107,35,0,1,A,0,1,A,7,20,0,11,6,16,4,6,0,0,0,0,3.79,3.6,1.95,3.7,3.6,2,3.95,3.45,1.95,3.5,3.6,2,3.69,3.75,2.03,3.75,3.4,2,3.7,3.8,2.05,40,3.95,3.65,3.82,3.66,2.08,2,38,1.74,1.69,2.26,2.16,2017,0.5,1.9,1.87,2.04,2,4.2017,4,1.87
SP1,14/04/2018,30,25,1,0,H,0,0,D,19,5,7,2,22,2017,8,3,3,3,0,0,3.1,3.2,2.39,3.3,3.1,2.35,2.95,3.3,2.4,3.2,3.1,2.35,3.33,3.24,2.4,3.1,3.1,2.4,3.2,3.25,2.45,41,3.33,3.2018,3.31,3.2017,2.49,2.38,37,2.39,2.29,1.68,1.61,19,0.25,1.88,1.84,2.08,2.02,3.22,3.1,2.56
SP1,14/04/2018,36,39,2,2,D,0,1,A,2018,7,4,4,11,23,10,2,5,3,1,1,1.8,3.75,4.5,1.83,3.7,4.25,1.9,3.5,4.1,1.8,3.7,4.2,1.83,3.85,4.61,1.91,3.4,4,1.87,3.8,4.33,41,1.91,1.83,3.91,3.73,4.61,4.25,39,1.76,1.7,2.25,2.13,19,-0.5,1.85,1.82,2.1,2.06,1.69,4.2,5.11
SP1,15/04/2018,40,31,3,0,H,1,0,H,13,11,5,3,9,13,8,3,2,1,0,0,1.22,6,15,1.22,6.25,15,1.22,6.2,13.5,1.22,5.5,2017,1.24,6.15,2018,1.25,5.5,12,1.25,6,2018,41,1.28,1.23,6.4,5.78,2018,15.62,40,1.91,1.83,2.03,1.97,19,-1.75,2.05,2,1.9,1.86,1.28,5.5,16.4
SP1,15/04/2018,26,21,0,1,A,0,1,A,21,2,4,1,11,2018,12,1,2,1,0,0,1.83,3.39,4.75,1.83,3.3,5,1.85,3.5,4.3,1.8,3.3,4.8,1.83,3.44,5.27,1.83,3.2,4.8,1.83,3.5,5,40,1.88,1.82,3.57,3.39,5.27,4.84,38,2.38,2.28,1.68,1.62,2018,-0.5,1.84,1.81,2.11,2.07,2.01,3.32,4.45
SP1,15/04/2018,28,27,1,0,H,0,0,D,13,5,4,0,19,13,4,3,6,2,1,0,2.14,3.1,3.75,2.2,3.1,3.7,2.2,3.1,3.6,2.1,3,3.8,2.2017,3.11,4.14,2.15,3,3.75,2.1,3.13,3.9,37,2.22,2.15,3.23,3.08,4.14,3.82,29,2.85,2.67,1.51,1.46,19,-0.25,1.84,1.81,2.11,2.06,2.2018,3.14,4.04
SP1,15/04/2018,109,34,1,2,A,0,1,A,13,16,3,6,12,9,4,7,4,0,0,0,10,5.5,1.28,10.5,5.75,1.28,10.5,5.8,1.27,11,5.5,1.28,10.76,5.93,1.31,9.5,5.5,1.3,10,5.75,1.29,41,11.2,10.08,6.25,5.63,1.33,1.3,35,1.53,1.48,2.75,2.58,20,1.5,2.06,2.02,1.88,1.84,9.44,5.62,1.35
SP1,17/04/2018,25,23,2,2,D,1,1,D,2018,14,8,6,9,7,6,4,3,0,0,1,4.75,4.33,1.64,4.75,4.2,1.65,4.5,4.1,1.7,4.6,4,1.66,4.9,4.31,1.7,4.75,4,1.67,4.8,4.33,1.7,42,5.05,4.74,4.4,4.19,1.73,1.68,38,1.56,1.51,2.67,2.52,20,0.75,2.07,2.02,1.88,1.84,3.6,3.89,2.04
SP1,17/04/2018,108,36,0,0,D,0,0,D,22,24,6,7,8,8,7,9,0,2,0,0,2.5,3.5,2.75,2.5,3.6,2.7,2.65,3.4,2.6,2.45,3.5,2.7,2.53,3.72,2.77,2.5,3.6,2.6,2.5,3.7,2.8,42,2.67,2.5,3.81,3.57,2.88,2.72,39,1.73,1.68,2.31,2.2018,2018,-0.25,2.2,2.14,1.8,1.75,2.28,3.73,3.14
SP1,17/04/2018,39,30,2,1,H,1,0,H,2017,6,6,1,14,14,10,4,1,1,0,0,1.6,3.79,6.5,1.57,3.8,6.5,1.55,4,6.2,1.61,3.6,6,1.64,3.89,6.38,1.57,3.75,6,1.62,3.9,6.25,42,1.67,1.61,4.13,3.82,7.02,6.16,39,2.29,2.19,1.72,1.67,21,-1,2.22,2.12,1.85,1.76,1.56,4.01,7.32
SP1,18/04/2018,27,26,0,1,A,0,1,A,10,5,4,1,2017,2017,3,6,3,2,0,0,2.29,3.1,3.39,2.35,3.1,3.3,2.3,3.05,3.4,2.3,3,3.4,2.38,3.15,3.49,2.4,3.1,3.1,2.38,3.2,3.4,41,2.42,2.33,3.23,3.09,3.55,3.35,37,2.63,2.46,1.59,1.54,19,-0.25,2.02,1.97,1.93,1.88,1.99,3.25,4.65
SP1,18/04/2018,34,22,1,1,D,0,1,A,29,6,10,2,6,19,16,2,2,4,0,0,1.19,7,12,1.22,6.75,11.5,1.27,6.5,9,1.22,6.5,13,1.24,7.2,12.75,1.25,6,11,1.22,7,13,43,1.27,1.23,7.38,6.72,13.82,11.7,36,1.34,1.3,3.95,3.44,20,-2,1.99,1.93,1.97,1.92,1.2018,8.55,15.8
SP1,18/04/2018,37,28,1,2,A,0,1,A,10,8,3,3,10,14,7,5,1,7,1,0,1.44,4,8,1.48,4.1,7.5,1.5,4.2,6.5,1.5,4.2,7,1.49,4.45,7.79,1.5,4,7,1.5,4.4,8,43,1.52,1.48,4.49,4.24,8,7.25,42,1.97,1.9,1.95,1.89,20,-1,1.85,1.81,2.12,2.06,1.64,3.79,6.65
SP1,19/04/2018,21,104,1,2,A,0,0,D,11,14,5,5,15,12,3,6,4,4,0,0,2.37,3.1,3.29,2.45,3.1,3.1,2.3,3.3,3.15,2.37,3.1,3.1,2.44,3.2018,3.33,2.4,3.1,3.1,2.38,3.25,3.13,43,2.47,2.4,3.35,3.16,3.33,3.16,38,2.47,2.3,1.67,1.61,19,-0.25,2.09,2.04,1.86,1.82,2,3.43,4.27
SP1,19/04/2018,24,107,1,0,H,0,0,D,2017,1,8,0,2018,2017,6,3,3,5,0,1,1.36,5.25,7.5,1.36,5.25,8,1.4,5,7,1.36,5,8,1.38,5.5,8.45,1.36,5.5,7,1.33,5.5,8,43,1.4,1.36,5.6,5.26,8.57,7.75,38,1.48,1.44,2.85,2.72,19,-1.5,2.03,1.99,1.91,1.87,1.34,5.65,9.4
SP1,19/04/2018,31,109,1,0,H,0,0,D,11,10,2,2,9,2017,4,3,1,1,0,0,1.85,3.5,4.5,1.83,3.4,4.75,1.7,3.8,4.8,1.83,3.3,4.6,1.85,3.56,4.92,1.85,3.4,4.5,1.83,3.5,4.6,43,1.94,1.86,3.8,3.41,4.92,4.57,39,2.41,2.3,1.67,1.6,2017,-0.75,2.2017,2.11,1.81,1.76,1.96,3.45,4.45
SP1,19/04/2018,35,40,3,0,H,1,0,H,12,9,4,2,13,13,6,6,1,0,0,0,3.29,3.29,2.25,3.3,3.3,2.25,3.3,3.35,2.2,3.25,3.2,2.25,3.36,3.38,2.32,3.3,3.2,2.25,3.25,3.4,2.25,43,3.4,3.28,3.45,3.3,2.36,2.27,39,2.21,2.14,1.77,1.7,19,0.25,1.97,1.91,2.01,1.95,3.04,3.32,2.53
SP1,20/04/2018,30,108,0,0,D,0,0,D,13,12,0,3,12,13,9,4,0,2,0,0,2.29,3.25,3.2,2.45,3.25,3,2.5,3.1,3,2.4,3.1,3.1,2.49,3.27,3.14,2.38,3.2,3.1,2.45,3.25,3.2,40,2.52,2.42,3.32,3.21,3.21,3.09,38,2.31,2.22,1.7,1.66,19,-0.25,2.12,2.06,1.87,1.82,2.42,3.26,3.27
SP1,21/04/2018,25,37,1,1,D,0,0,D,10,2017,3,7,14,19,4,3,1,2,0,0,2.7,3.39,2.6,2.6,3.4,2.7,2.65,3.3,2.65,2.62,3.3,2.6,2.74,3.46,2.7,2.62,3.4,2.62,2.7,3.5,2.7,42,2.8,2.67,3.55,3.4,2.73,2.63,42,1.93,1.84,2.05,1.96,2018,0.25,1.71,1.67,2.31,2.25,2.64,3.59,2.72
SP1,21/04/2018,26,28,0,1,A,0,1,A,12,7,2,4,15,16,8,3,4,1,0,0,2.04,3.2,4,2.1,3.2,3.8,2.1,3.4,3.5,2.1,3.1,3.8,2.14,3.24,4,2.15,3,3.8,2.15,3.2,4,42,2.21,2.12,3.4,3.14,4,3.88,39,2.64,2.49,1.57,1.53,22,-0.25,1.83,1.8,2.12,2.07,2.23,3,4.1
SP1,22/04/2018,40,24,0,0,D,0,0,D,10,10,2,4,2017,14,8,3,2,5,0,0,1.61,3.75,6,1.62,3.8,6,1.6,4,5.5,1.6,3.7,6,1.63,3.93,6.36,1.62,3.75,5.5,1.62,3.9,5.75,42,1.68,1.62,4,3.8,6.36,5.86,40,2.14,2.05,1.83,1.76,20,-0.75,1.84,1.81,2.12,2.06,1.58,3.89,7.26
SP1,22/04/2018,104,27,0,2,A,0,1,A,20,5,6,4,2018,2018,10,0,1,2,0,0,2.14,3.25,3.6,2.1,3.3,3.7,1.9,3.3,4.4,2.05,3.2,3.75,2.12,3.28,4.04,2.05,3.25,3.75,2.15,3.3,3.9,40,2.2017,2.09,3.4,3.25,4.4,3.76,37,2.32,2.22,1.71,1.65,20,-0.25,1.81,1.79,2.14,2.08,2.14,3.1,4.24
SP1,22/04/2018,107,21,0,4,A,0,0,D,12,10,1,7,14,19,3,3,2,2,0,0,3.1,3.2,2.39,3.1,3.3,2.35,3.15,3.3,2.3,3.1,3.1,2.35,3.2017,3.34,2.44,3.1,3.3,2.3,3.1,3.3,2.38,42,3.3,3.1,3.4,3.26,2.47,2.37,40,2.19,2.1,1.78,1.72,20,0.25,1.86,1.82,2.11,2.05,3.09,3.46,2.42
SP1,22/04/2018,109,35,2,0,H,2,0,H,4,14,3,2,16,0,5,3,4,1,0,0,5.25,3.6,1.72,5.25,3.5,1.75,4.8,3.6,1.75,4.8,3.5,1.72,5.55,3.63,1.76,5,3.6,1.73,4.8,3.7,1.75,42,5.55,5.05,3.73,3.59,1.81,1.75,41,2.12,2.03,1.85,1.77,20,0.75,1.92,1.88,2.04,1.98,4.35,3.46,1.98
SP1,23/04/2018,22,31,1,3,A,1,2,A,2018,11,5,7,13,14,2,9,3,3,0,0,1.66,3.75,5.5,1.7,3.7,5.25,1.7,3.7,5,1.61,3.6,5.75,1.68,3.7,6.32,1.73,3.6,5,1.65,3.75,5.75,41,1.73,1.66,3.89,3.68,6.32,5.58,38,2.25,2.12,1.78,1.71,19,-0.75,1.87,1.84,2.07,2.01,1.71,3.77,5.68
SP1,27/04/2018,31,36,2,1,H,1,1,D,15,22,5,4,4,15,4,8,1,1,0,0,4.5,3.6,1.75,4,3.75,1.87,3.6,3.6,2,4,3.7,1.8,4.31,3.87,1.87,4,3.75,1.85,4.33,3.8,1.85,42,4.5,4.12,3.95,3.77,2,1.85,39,1.73,1.68,2.29,2.2017,2018,0.5,2.11,2.04,1.88,1.83,4.13,3.95,1.88
SP1,28/04/2018,27,107,1,1,D,0,1,A,16,13,7,2,2018,22,6,7,2,4,0,0,1.36,4.75,9.5,1.42,4.33,8.5,1.4,4.8,7.5,1.36,4.5,9,1.4,4.84,9.81,1.4,4.33,8.5,1.4,4.8,9.5,41,1.43,1.39,5,4.6,10,8.88,40,1.95,1.9,1.97,1.9,21,-1.25,1.95,1.9,2,1.96,1.43,4.66,8.81
SP1,28/04/2018,34,30,2,1,H,2,0,H,12,16,5,6,16,15,3,2,0,1,0,1,1.3,5.5,10,1.3,5.5,9.75,1.35,5.5,7,1.3,5.25,10,1.3,5.91,11.2018,1.3,5,10,1.3,5.75,11,42,1.35,1.3,6,5.57,11.26,9.98,38,1.55,1.5,2.75,2.54,19,-1.5,1.94,1.87,2.05,1.99,1.46,4.7,7.97
SP1,28/04/2018,35,22,3,1,H,2,0,H,2017,9,4,3,16,16,3,7,3,6,1,0,1.85,3.6,4.33,1.87,3.6,4.25,2,3.4,3.8,1.85,3.5,4.2,1.88,3.69,4.48,1.91,3.3,4.2,1.87,3.7,4.4,43,2,1.87,3.74,3.58,4.6,4.28,42,1.96,1.9,1.96,1.9,20,-0.5,1.89,1.85,2.05,2.01,1.9,3.7,4.36
SP1,28/04/2018,39,25,4,1,H,3,1,H,13,15,7,4,14,8,5,7,2,0,0,0,1.72,3.75,5,1.75,3.7,4.75,1.7,3.7,5,1.72,3.75,4.6,1.75,3.88,5.1,1.73,3.5,5,1.73,4,5,42,1.8,1.74,4.05,3.82,5.1,4.75,39,1.82,1.75,2.19,2.07,19,-0.75,1.96,1.92,1.99,1.93,1.72,4.01,5.14
SP1,29/04/2018,21,40,0,1,A,0,0,D,7,14,3,6,14,12,3,4,4,6,0,1,3.29,3.1,2.37,3.4,3.2,2.25,3.25,3.2,2.3,3.3,3,2.35,3.5,3.19,2.35,3.25,3,2.4,3.4,3.13,2.4,43,3.52,3.35,3.23,3.1,2.43,2.34,39,2.7,2.53,1.56,1.51,2018,0.25,1.91,1.87,2.06,2,3.69,3.35,2.2
SP1,29/04/2018,28,104,1,1,D,1,1,D,10,15,2,2,19,21,4,4,6,4,1,0,2.1,3.1,4,2.05,3.25,4,2,3.4,3.8,2.05,3.1,3.9,2.08,3.36,4.04,2.1,3.1,3.8,2.1,3.3,4,43,2.15,2.06,3.4,3.23,4.1,3.92,39,2.55,2.41,1.61,1.55,2018,-0.25,1.82,1.76,2.16,2.1,1.96,3.36,4.6
SP1,29/04/2018,108,23,2,4,A,1,2,A,2017,21,5,9,9,9,6,7,1,1,0,0,12,6,1.25,9.5,6,1.28,9.5,5.5,1.3,10,6,1.28,11.81,6.38,1.28,9,5.5,1.3,11,6.25,1.25,43,12,10,6.6,6.08,1.31,1.27,36,1.34,1.31,3.5,3.35,20,1.75,1.98,1.94,1.97,1.92,14.9,7.2017,1.22
SP1,29/04/2018,37,26,0,0,D,0,0,D,16,8,5,2,12,19,8,2,2,3,0,0,1.5,4,7.5,1.5,4.2,6.75,1.5,4.2,6.5,1.5,4.2,6.5,1.5,4.56,7.22,1.53,4,7,1.5,4.33,6.5,42,1.56,1.51,4.56,4.27,7.5,6.62,38,1.85,1.79,2.09,2.02,20,-1,1.89,1.85,2.08,2.02,1.54,4.05,7.7
SP1,30/04/2018,24,109,2,1,H,1,1,D,12,9,3,3,9,2017,6,4,1,4,0,0,1.44,4.5,7.5,1.36,5,9,1.4,4.8,7.5,1.4,4.4,8,1.41,4.98,8.81,1.44,4.33,7.5,1.4,4.75,8,42,1.45,1.41,5,4.61,9,7.96,38,1.85,1.77,2.15,2.03,2018,-1.25,2.03,1.95,1.96,1.89,1.47,4.69,7.58
SP1,04/05/2018,36,35,1,0,H,0,0,D,16,11,6,1,2017,13,6,4,4,2,0,0,2.1,3.79,3.1,2.1,3.5,3.5,2,3.6,3.6,2.1,3.6,3.2,2.21,3.54,3.38,2.1,3.5,3.25,2.25,3.5,3.13,42,2.3,2.2017,3.79,3.53,3.6,3.29,38,1.59,1.54,2.63,2.45,20,-0.25,1.94,1.9,2.01,1.96,2.16,3.68,3.44
SP1,05/05/2018,22,24,2,0,H,0,0,D,14,6,5,3,13,12,4,5,0,2,0,0,2.25,3.29,3.29,2.2,3.4,3.3,2.3,3.4,3.05,2.25,3.3,3.1,2.37,3.3,3.34,2.25,3.2,3.2,2.38,3.4,3.2,43,2.38,2.28,3.45,3.33,3.42,3.22,42,2.02,1.92,1.95,1.87,22,-0.25,2.02,1.97,1.95,1.89,2.13,3.67,3.53
SP1,05/05/2018,25,108,1,1,D,1,0,H,13,11,4,2,6,11,4,10,4,2,0,0,1.61,4,5.5,1.6,4.2,5.25,1.55,4,6.2,1.61,4,5,1.66,4.38,5.2018,1.62,4,5,1.65,4.3,5.25,43,1.7,1.63,4.38,4.2017,6.2,5.07,39,1.61,1.56,2.5,2.4,21,-1,2.13,2.07,1.84,1.8,1.82,3.95,4.49
SP1,05/05/2018,104,26,1,4,A,0,2,A,16,15,5,6,12,13,6,5,2,5,0,0,2.1,3.29,3.75,2.05,3.3,3.9,2,3.4,3.8,2.05,3.2,3.75,2.11,3.4,3.89,2.1,3.2,3.6,2.1,3.4,3.8,43,2.2017,2.08,3.47,3.31,4,3.74,39,2.3,2.22,1.71,1.65,20,-0.25,1.83,1.79,2.14,2.08,2.16,3.42,3.71
SP1,05/05/2018,39,37,1,0,H,0,0,D,13,6,5,2,2018,2018,7,3,5,3,0,0,2.25,3.39,3.2,2.25,3.4,3.2,2.1,3.4,3.5,2.2,3.5,3.1,2.27,3.44,3.39,2.2,3.2,3.4,2.3,3.5,3.2,43,2.33,2.23,3.58,3.42,3.5,3.22,40,1.82,1.75,2.16,2.06,20,-0.25,1.98,1.93,1.96,1.92,2.49,3.5,2.95
SP1,06/05/2018,40,27,0,2,A,0,0,D,9,14,3,6,9,13,6,3,1,3,0,0,1.39,4.2,10,1.36,4.6,10,1.4,4.8,7.5,1.4,4.2,9.5,1.43,4.36,10.55,1.4,4.2,9,1.4,4.6,10,41,1.45,1.4,4.8,4.34,11,9.58,38,2.23,2.16,1.75,1.69,20,-1.25,2.03,1.98,1.92,1.88,1.56,3.7,8.44
SP1,06/05/2018,23,34,2,2,D,1,1,D,11,2017,4,5,8,20,6,5,3,5,1,0,1.66,4.33,4.5,1.67,4.33,4.5,1.8,4,4,1.67,4.25,4.4,1.72,4.6,4.39,1.67,4.5,4.5,1.65,4.6,4.4,43,1.8,1.68,4.7,4.43,4.7,4.4,37,1.36,1.33,3.4,3.22,20,-0.75,1.87,1.82,2.11,2.04,1.75,4.64,4.2018
SP1,06/05/2018,107,28,0,1,A,0,0,D,21,8,4,1,8,28,9,4,0,2,0,0,4,3.29,2,3.8,3.4,2.05,3.5,3.4,2.1,3.7,3.3,2.05,3.9,3.46,2.09,3.8,3.2,2.05,3.6,3.5,2.05,43,4,3.76,3.6,3.38,2.13,2.05,40,2.14,2.05,1.84,1.75,2018,0.25,2.2017,2.1,1.81,1.76,3.2017,3.31,2.46
SP1,06/05/2018,109,21,0,3,A,0,1,A,16,13,4,7,15,13,6,7,2,1,0,0,2.39,3.2,3.1,2.45,3.1,3.1,2.5,3.3,2.85,2.37,3,3.1,2.45,3.2017,3.31,2.4,3.1,3.1,2.45,3.25,3.2,43,2.5,2.43,3.3,3.15,3.31,3.11,39,2.54,2.36,1.63,1.58,19,-0.25,2.1,2.05,1.85,1.82,2.27,3.31,3.54
SP1,07/05/2018,30,31,0,3,A,0,0,D,13,10,2,3,15,11,6,5,5,1,1,0,2.1,3.2,3.89,2.05,3.3,3.9,2.1,3.4,3.5,2.1,3.1,3.7,2.2018,3.24,3.89,2.1,3.2,3.6,2.1,3.3,3.7,42,2.21,2.11,3.4,3.24,3.9,3.69,37,2.38,2.27,1.68,1.62,19,-0.25,1.85,1.81,2.12,2.05,2.26,3.24,3.63
SP1,09/05/2018,23,39,5,1,H,3,0,H,12,20,6,7,6,15,4,4,0,3,0,0,1.28,5.75,10,1.3,5.75,9.5,1.3,5.5,9.5,1.3,5.75,9,1.29,6.13,10.66,1.25,6,11,1.33,6,9.5,42,1.33,1.29,6.5,5.91,11,9.53,35,1.34,1.3,3.7,3.4,20,-1.75,2.05,1.98,1.93,1.87,1.36,5.06,9.2017
SP1,09/05/2018,36,34,3,2,H,2,0,H,14,14,6,4,21,9,2,3,3,1,0,0,2.45,3.7,2.62,2.5,3.9,2.55,2.6,3.7,2.5,2.4,3.7,2.62,2.46,3.96,2.69,2.38,3.8,2.6,2.45,3.9,2.7,42,2.6,2.44,4,3.84,2.77,2.63,36,1.45,1.41,3,2.85,19,-0.25,2.2,2.13,1.79,1.75,2.14,4.16,3.15
SP1,12/05/2018,21,22,3,1,H,1,0,H,4,13,3,4,15,13,0,8,2,5,0,0,2.5,3.29,2.89,2.55,3.25,2.85,2.5,3.2,2.9,2.55,3.1,2.87,2.62,3.2018,3.04,2.6,3.1,2.8,2.6,3.3,2.9,41,2.65,2.56,3.3,3.15,3.08,2.92,38,2.35,2.24,1.71,1.64,2017,-0.25,2.23,2.16,1.77,1.72,2.98,3.29,2.59
SP1,12/05/2018,24,36,2,2,D,1,0,H,9,13,5,5,10,19,4,5,1,4,0,0,2.62,3.39,2.7,2.6,3.5,2.65,2.85,3.3,2.5,2.55,3.5,2.55,2.61,3.7,2.69,2.5,3.6,2.6,2.63,3.7,2.63,41,2.85,2.59,3.73,3.55,2.76,2.62,38,1.63,1.58,2.45,2.35,2018,0,1.99,1.92,1.99,1.93,3.01,3.73,2.36
SP1,12/05/2018,26,107,1,0,H,1,0,H,10,8,5,2,13,12,3,11,3,1,0,0,1.39,4.5,9,1.4,4.75,7.75,1.5,4.2,6.5,1.4,4.6,8,1.41,4.92,8.91,1.4,4.33,8.5,1.4,4.8,8.5,41,1.5,1.4,5.07,4.7,9.5,8.36,38,1.73,1.66,2.27,2.19,19,-1.25,1.93,1.88,2.02,1.97,1.42,5.1,8.04
SP1,12/05/2018,28,40,0,1,A,0,1,A,11,5,4,3,13,2017,8,2,3,2,0,0,2.79,3.1,2.79,2.75,3.1,2.75,2.3,3.15,3.3,2.7,2.9,2.8,2.77,3.13,2.9,2.8,2.9,2.8,2.8,3.1,2.88,41,2.83,2.75,3.2017,3.03,3.3,2.81,38,2.78,2.66,1.52,1.46,2018,0,1.95,1.9,2.1,1.96,3.72,3.04,2.34
SP1,12/05/2018,104,37,0,1,A,0,0,D,16,10,4,4,16,11,6,2,2,3,0,0,2.5,3.39,2.75,2.65,3.4,2.65,2.6,3.25,2.75,2.5,3.4,2.62,2.61,3.6,2.75,2.5,3.6,2.62,2.6,3.6,2.7,41,2.66,2.57,3.62,3.49,2.82,2.68,39,1.75,1.7,2.21,2.13,2018,0,1.93,1.88,2.03,1.97,2.13,3.7,3.5
SP1,12/05/2018,108,39,2,4,A,0,3,A,16,11,7,7,14,5,11,0,3,0,0,0,3.5,3.6,2.04,3.6,3.5,2.05,4.1,3.5,1.9,3.5,3.6,2,3.8,3.69,2.04,3.5,3.3,2.1,3.7,3.7,2.05,41,4.1,3.57,3.74,3.58,2.1,2.03,38,1.75,1.69,2.22,2.15,2017,0.25,2.19,2.11,1.81,1.76,4.71,4.3,1.71
SP1,12/05/2018,34,25,6,0,H,3,0,H,15,5,10,1,5,10,4,2,0,1,0,0,1.36,5,9,1.35,5.5,8,1.3,6,9,1.36,5.5,7.5,1.34,6.13,8.06,1.36,4.8,8,1.4,5.75,7.5,41,1.4,1.35,6.16,5.66,9,7.61,35,1.28,1.24,4.25,3.94,19,-1.5,1.96,1.91,2,1.95,1.25,6.89,11.56
SP1,12/05/2018,35,30,3,2,H,2,1,H,11,9,6,3,8,12,5,1,1,2,0,0,1.44,4.2,8.5,1.42,4.4,8.25,1.45,4.7,6.5,1.44,4.33,7.5,1.45,4.71,8.19,1.44,4.33,7,1.45,4.6,8,41,1.48,1.44,4.75,4.45,8.5,7.68,40,1.84,1.77,2.14,2.04,19,-1.25,2.06,1.99,1.91,1.87,1.4,4.87,9.26
SP1,13/05/2018,27,109,4,1,H,3,1,H,19,9,7,3,13,19,5,3,0,2,0,0,1.61,3.7,6.25,1.67,3.5,6,1.65,3.8,5.3,1.61,3.6,5.75,1.65,3.94,6.03,1.67,3.3,6,1.62,3.9,5.75,39,1.7,1.64,3.97,3.73,6.25,5.72,37,2.16,2.08,1.8,1.74,19,-0.75,1.86,1.83,2.07,2.03,1.63,3.97,6.24
SP1,13/05/2018,31,23,5,4,H,2,1,H,12,2018,7,7,2018,12,3,8,6,6,0,0,10,5.25,1.3,9.25,5.75,1.3,9.5,5.5,1.3,9,5.5,1.3,10.34,6.15,1.31,9,5,1.33,9.5,5.75,1.3,41,10.34,9.07,6.2018,5.65,1.34,1.31,34,1.37,1.33,3.6,3.23,2018,1.5,2.11,2.06,1.86,1.81,7.7,5.4,1.4
SP1,19/05/2018,25,31,4,2,H,2,1,H,20,7,9,3,9,15,5,3,1,3,0,1,1.8,4,4.1,1.8,4,4.1,2,3.7,3.5,1.8,4,3.9,1.83,4.08,4.31,1.83,3.8,4,1.85,4.1,4.1,42,2,1.81,4.22,4.01,4.31,4.01,35,1.45,1.41,3,2.82,20,-0.75,2.05,2.01,1.9,1.85,1.6,4.68,5.33
SP1,19/05/2018,107,104,1,2,A,1,2,A,13,12,7,6,7,19,4,3,1,2,0,0,3.1,3.5,2.25,3,3.7,2.25,2.85,3.3,2.5,3,3.6,2.2,3.14,3.81,2.25,2.9,3.5,2.3,3,3.8,2.3,42,3.23,3.03,3.81,3.63,2.5,2.24,37,1.62,1.57,2.48,2.36,19,0.25,1.94,1.9,2,1.95,3.44,4.01,2.06
SP1,19/05/2018,30,24,3,2,H,1,1,D,8,16,3,8,9,9,6,4,2,0,1,0,2.7,3.6,2.5,2.7,3.5,2.55,2.7,3.5,2.5,2.65,3.5,2.5,2.77,3.56,2.61,2.62,3.6,2.5,2.75,3.6,2.55,42,2.85,2.71,3.7,3.48,2.67,2.54,37,1.71,1.66,2.32,2.19,2017,0,2.04,1.99,1.91,1.86,2.41,3.76,2.9
SP1,19/05/2018,109,28,0,1,A,0,0,D,6,11,2,3,19,12,2,9,4,1,0,0,3.3,3.3,2.25,3.1,3.5,2.25,3.15,3.5,2.2,3.2,3.3,2.2,3.26,3.6,2.27,3.2,3.3,2.25,3.3,3.4,2.3,42,3.36,3.22,3.6,3.41,2.34,2.24,41,1.94,1.88,1.99,1.91,19,0.25,1.98,1.92,1.98,1.93,3.26,3.56,2.28
SP1,19/05/2018,36,21,1,0,H,1,0,H,20,10,8,4,15,12,8,3,2,2,0,0,1.4,4.75,8,1.42,5,7,1.5,4.5,6,1.44,4.75,6.5,1.43,5.22,7.32,1.44,4.5,7,1.45,5,7,42,1.5,1.43,5.22,4.88,8,6.84,33,1.43,1.4,3,2.86,19,-1.25,1.97,1.91,2,1.94,1.32,6.09,9.47
SP1,19/05/2018,39,34,2,2,D,0,2,A,14,15,5,7,13,10,4,5,4,3,0,0,3.1,4.1,2.1,3.1,4.2,2.05,2.5,3.8,2.5,3,4,2.1,3.04,4.25,2.2017,3,4.2,2.05,3.13,4.2,2.1,42,3.13,2.99,4.33,4.12,2.5,2.12,35,1.31,1.26,4,3.79,19,0.25,2.05,1.98,1.93,1.87,4.74,5.05,1.62
SP1,20/05/2018,22,27,0,1,A,0,1,A,12,11,3,4,4,11,7,7,0,1,0,0,2.04,3.5,3.6,2,3.5,3.8,2,3.6,3.6,2,3.5,3.5,2.05,3.74,3.69,2.1,3.4,3.5,2,3.7,3.6,39,2.11,2.02,3.74,3.56,4,3.63,35,1.82,1.75,2.16,2.06,2017,-0.5,2.06,2.02,1.88,1.85,1.95,3.77,4.05
SP1,20/05/2018,40,26,2,2,D,1,1,D,8,14,4,3,14,14,2,2,6,2,1,0,1.61,3.8,6,1.6,4,5.75,1.65,3.7,5.5,1.6,3.9,5.5,1.6,4.2017,6.2018,1.62,3.8,5.5,1.57,4.1,5.75,41,1.65,1.6,4.21,3.98,6.2018,5.65,39,1.87,1.82,2.06,1.98,19,-1,2.09,2.04,1.87,1.82,1.47,4.25,8.8
SP1,20/05/2018,23,35,1,0,H,0,0,D,12,13,4,2,13,13,3,8,3,2,0,0,1.22,7,11,1.22,7.25,10.5,1.3,5.5,9.5,1.22,6.5,9.5,1.25,7.53,9.4,1.25,6,11,1.22,7,11,42,1.3,1.24,7.8,7,11,9.76,33,1.19,1.16,5.8,5.04,19,-2,1.94,1.89,2.03,1.97,1.31,6.4,8.6
SP1,20/05/2018,37,108,2,1,H,1,0,H,22,12,5,7,8,11,8,4,0,0,0,0,1.4,4.75,8,1.36,5,8.5,1.45,4.5,7,1.36,5.2,7.5,1.36,5.56,8.97,1.36,4.5,9.5,1.4,5.4,8,41,1.45,1.37,5.66,5.15,9.5,7.94,34,1.42,1.37,3.11,2.98,19,-1.5,2.01,1.97,1.94,1.89,1.27,6.44,10.71
